country_id,mae,rmse,mean_error,n_years
ABW,0.005625394007952767,0.006145269235553527,0.00014677935820539556,10
AFG,0.0012780231655685147,0.001539337220306981,-0.00019478939636345395,10
AGO,0.001504504198098089,0.0018016220455297877,-0.00025672615786422883,10
ALB,0.0015276121374518392,0.0017783714835667272,0.000575413032076566,10
AND,0.0018577791054079974,0.0028121235277802554,0.00020398095566697138,10
ARE,0.002621385534320875,0.003592690790095379,-0.00029029096114638884,10
ARG,0.0013614475415625992,0.0019125474878749207,-0.0011401660110805123,10
ARM,0.003377381924695799,0.004002779673452408,-0.0005675586139069488,10
ASM,0.0011048363507373039,0.0013345870582888936,3.0461899929812296e-05,10
ATG,0.004890385003624942,0.006895388586837083,-0.0004621886567531486,10
AUS,0.0009769940924768904,0.0011066002437204495,-0.00010862368733417504,10
AUT,0.0021920811047134057,0.002649805633000796,0.0021920811047134057,10
AZE,0.0020532992572149357,0.002602361085571876,0.00023183251533644977,10
BDI,0.001004157768010594,0.001391388532324728,0.00017368089463731806,10
BEL,0.0010739848034618138,0.0014199848277062464,-6.221771921488539e-06,10
BEN,0.0023725472257958404,0.0027283753518364427,0.0014582741904916262,10
BFA,0.001973716096863881,0.0026728576676931176,-0.0007250790086808234,10
BGD,0.0009627939616149272,0.0012594521049229016,0.00010667697853311564,10
BGR,0.001524476531826613,0.0019802389076158658,0.0006846876598610496,10
BHR,0.0029280151865940574,0.004471686960471024,-0.0006803741536345886,10
BHS,0.002758614141372284,0.0032846301508967675,0.0008121417231290229,10
BIH,0.0021842236760497014,0.0024243528680035816,0.0013808331247611495,10
BLR,0.0018891791474994202,0.0023652054850334526,0.0006575425351563302,10
BLZ,0.0010194285792338499,0.0013833886507553874,-0.0003246218377058963,10
BMU,0.001689136863376517,0.001982302186086191,-0.00056966240593056,10
BOL,0.002044476517637517,0.002805042319160525,-0.0006509250138285183,10
BRA,0.0019640845713770226,0.0026867851345044958,0.0014054245814935085,10
BRB,0.002849313216225768,0.003208787567311659,-0.0021465879680754975,10
BRN,0.0021839914159668904,0.002507528904948028,0.0013931851839931286,10
BTN,0.0007075290469521045,0.0008020488026401386,-3.11173177643953e-05,10
BWA,0.0013594616088868695,0.0017390838054213945,-0.00023435968261396046,10
CAF,0.005108037095788859,0.00741788080372248,0.0012910685393602793,10
CAN,0.0007137735864484074,0.0009183587259551596,7.703306155556477e-05,10
CHE,0.0011185729502647846,0.0014920814361757096,-0.00014958231281672063,10
CHI,0.0011162831978951294,0.0013538846414153244,0.0004008136752563618,10
CHL,0.003033234082028069,0.003289877473451572,0.0028525910222263915,10
CHN,0.0023815377596009047,0.0030612219080926356,0.00122047682061881,10
CIV,0.002251336913969992,0.0026034274159298307,-0.0002377674198546842,10
CMR,0.0016353617649714324,0.0019045228123512478,0.00022525114295406378,10
COD,0.0015759247694750234,0.0020981591923432143,0.00031087321579881255,10
COG,0.0015096688619234745,0.0017649592975165311,-0.00031787258184992064,10
COL,0.0013971260247663154,0.0019452135337332064,0.0011341990823056313,10
COM,0.001627612019643143,0.002029637848196713,-0.0005368202942260148,10
CPV,0.0012972864405789042,0.001567766617112434,0.0005641487840450821,10
CRI,0.0020851557598086544,0.002712757331153416,0.0010676926138502463,10
CUB,0.0014696688075716668,0.0019957557204641056,-0.001018596360973656,10
CUW,0.0032042406989332807,0.003911296063588635,0.0003851393645739609,10
CYM,0.0010408949658412213,0.0012598585558335038,0.00043866350603593006,10
CYP,0.0010800515276580657,0.0012153818852486927,0.0006801968418485904,10
CZE,0.0012085431599986429,0.0015922313597993819,0.00012205729884370297,10
DEU,0.0009283387075987637,0.0012161353783043392,0.0003468990711327002,10
DJI,0.0012454845930578995,0.0018013912398296373,-0.00041482157215472215,10
DMA,0.0031434277225343755,0.004402814207033069,-0.0006953868934036267,10
DNK,0.0009692966806991721,0.0011313119821297199,7.188137930590477e-05,10
DOM,0.0020134669559916827,0.0023166610853267043,-0.00011645101407852243,10
DZA,0.002963914216818031,0.0036223655519405378,-6.258323398564692e-05,10
ECU,0.0028971705754531453,0.003558806365888224,0.0015589614150769537,10
EGY,0.0011242687515655935,0.0014394911360542158,-0.0005599988707888804,10
ERI,0.001615887137573252,0.0020742698687099925,0.0005051610173850196,10
ESP,0.003491720461480152,0.003706281914329371,0.003491720461480152,10
EST,0.0008029448717283172,0.0010818975411792074,0.00026544592876907023,10
ETH,0.0016911855569984036,0.002053889910311831,-0.000162171475754741,10
FIN,0.0008138653749291569,0.0009473305349151188,9.633523195395899e-05,10
FJI,0.0024900495930251566,0.0032111174155488175,-0.0009689856689039433,10
FRA,0.0009502342665171027,0.0012320733976634148,0.0002039837101120323,10
FRO,0.0010326304230189542,0.0014655067346039969,-0.0005404140321197293,10
FSM,0.0011990841862118073,0.001629672699104406,-0.000852788495408896,10
GAB,0.001575254023329531,0.00200797631210195,-0.0007668757104927093,10
GBR,0.0011587694136494298,0.0014223159089348074,0.00047167091065696275,10
GEO,0.0024058202244690795,0.0034179264925935397,-0.0005127206219733727,10
GHA,0.0018847874407462938,0.002049792533201448,0.0008415060515013506,10
GIB,0.0014979625515059714,0.0019868285265061555,8.451951624121046e-05,10
GIN,0.001391591449707047,0.0017611084169944472,-0.0012903219615012784,10
GMB,0.0020932457724881282,0.002249415136409231,-0.0003881509636442182,10
GNB,0.0009391547714412918,0.001200137318063612,-0.0006983037966756978,10
GNQ,0.000972371734308275,0.0012985877246627236,-0.0005416436308118943,10
GRC,0.001057040899431827,0.0013570300061045086,0.00038163995471257595,10
GRD,0.0062507352228251215,0.008565273011699834,-0.00039930114071290435,10
GRL,0.0012590017012504618,0.0016187501356703202,-0.00037532595660341175,10
GTM,0.0015440662581889032,0.0022605274128508768,-9.452816823323218e-05,10
GUM,0.0012220431325283498,0.0016660910281047965,-0.00022292336888724007,10
GUY,0.002897703765808113,0.003664015555984867,-0.0010691976007425775,10
HKG,0.002429340121115364,0.0029459501174020023,-0.001924258458695338,10
HND,0.0016752903636450655,0.0020289154333528845,0.00021928385710989762,10
HRV,0.0010402045950350103,0.001325141176397054,0.00018645677847269892,10
HTI,0.00251686762934169,0.0030600382514493914,0.0007763736894013773,10
HUN,0.0009268164398163914,0.0012859707021332949,-0.0003204075542091123,10
IDN,0.0014699089398106159,0.001980492686552656,-0.0003995118058256808,10
IMN,0.0012601391626145043,0.00144095735755155,0.00034560475253314626,10
IND,0.002291310012784853,0.0024211055800777426,0.0011649468662628614,10
IRL,0.0008536747826104696,0.001112876050092037,1.574403862532048e-05,10
IRN,0.00320211281654017,0.0036770753574089884,-4.478336906645897e-05,10
IRQ,0.0010596610555155927,0.0013327050027838187,-0.0003036278471345022,10
ISL,0.0016648625036724263,0.002085465286015191,4.389980564455387e-05,10
ISR,0.0010881360304429988,0.0014587154276036111,-4.938807481738028e-05,10
ITA,0.0014246760161158445,0.0017239563318656962,0.0007485695514394042,10
JAM,0.001063023990074341,0.0014612425621714957,-7.494998085781912e-05,10
JOR,0.002916951718753347,0.0031470320840648763,0.0005582856867063057,10
JPN,0.001470790781091713,0.0019417336821204974,-0.0010578899549090082,10
KAZ,0.0019461788569809179,0.002657015291698939,0.0010051858832141659,10
KEN,0.0022297444825323367,0.0026849145460339507,8.436874851561749e-05,10
KGZ,0.0012917531016225614,0.001454803279760295,0.0003293649452181469,10
KHM,0.0007295337478838926,0.0008833614133571501,0.00022882390267462416,10
KIR,0.0018481120086863312,0.002486008948403104,-0.000918535524677222,10
KNA,0.004117242220647388,0.0050411492678528284,3.76215422846049e-05,10
KOR,0.0009421564847977626,0.0011161257826585403,-0.0004701966236351218,10
KWT,0.0027427064679739544,0.003366618842147924,-0.0006559633842844082,10
LAO,0.002564477150720124,0.0030543361828311603,-0.0006021895943284283,10
LBN,0.00210881325015555,0.0027051352216128388,0.000712681455978359,10
LBR,0.0015918864485976458,0.0018333116930562045,-0.00013876546155082713,10
LBY,0.0012010000499608653,0.0016250924169803227,-0.0003660114641923284,10
LCA,0.0017525625928176303,0.002526846732870437,5.30120137456902e-05,10
LIE,0.0017159236136440991,0.002076966039909139,0.00015062584663068091,10
LKA,0.0034640681553452903,0.0046373777797823245,2.869763353302579e-05,10
LSO,0.0026862173775488883,0.0028029980086274756,-0.0006018270231295586,10
LTU,0.0012127079550534492,0.0016650877025812172,0.00034470028597816116,10
LUX,0.0016337972343158035,0.0019073586158198652,0.0007084477656253751,10
LVA,0.0010582575160072438,0.0014412656324813403,0.0003200474172588952,10
MAC,0.0027658550560106243,0.0029441467801322044,0.0011057743132620978,10
MAF,0.0011402948630144683,0.0013485235367233942,-2.7167490385193728e-05,10
MAR,0.0024444149809151215,0.0029804289537737182,0.00026948676868965293,10
MCO,0.008006145690075928,0.009419482649572533,-0.0020297639562552815,10
MDA,0.0017530526241447241,0.002113306210320297,-0.00010613174992309959,10
MDG,0.0022661386399536743,0.0024699115136439373,0.0001760453997335154,10
MDV,0.0022994568669366,0.0029285517628792634,0.00010781425483659124,10
MEX,0.0015610950565392635,0.002356062334151088,0.00017022565929364353,10
MHL,0.0029208707624363006,0.003630517035664337,-0.0009240115690043905,10
MKD,0.0028647011604075122,0.0034882161464587455,9.261884968330137e-05,10
MLI,0.001163025158646247,0.001505724447815068,-1.2519178763514826e-05,10
MLT,0.0011753143512160502,0.0013867781414665262,0.0007348350523070923,10
MMR,0.0017172010141895734,0.002534657697670632,-0.0006250658230976703,10
MNE,0.0023513526322123226,0.002622001902412002,0.000784023242031362,10
MNG,0.002110769447980332,0.002252263412593034,-0.001097422766650713,10
MNP,0.0013110717024759188,0.0016216463750541971,-0.00015171825682401828,10
MOZ,0.001104905448880511,0.0012930479404536092,-0.0005180132615070332,10
MRT,0.0018644341527718656,0.0020929053299419305,-0.0009635024987376228,10
MUS,0.0019080883361881074,0.0021882100131548217,0.0011259828763513613,10
MWI,0.002189950628128906,0.0023358440188429724,0.0006986414768802629,10
MYS,0.0016880378142020592,0.002023886431680276,0.0005687340995285117,10
NAM,0.00154617475286285,0.0021130713646418174,-0.0002538975296929591,10
NCL,0.0010985677861420795,0.0014461914528331756,-0.0003093021029377807,10
NER,0.001958075426799194,0.002402660566988909,0.00012034845414685136,10
NGA,0.002128608270420512,0.002610395950084707,-0.00025066874614409487,10
NIC,0.00159033319333739,0.0022845847423238904,2.9485715238619646e-05,10
NLD,0.0008404352330324549,0.0011218262796286764,-0.00029257446986457046,10
NOR,0.0008893483162599302,0.0014390379211860883,-0.0003318054345671895,10
NPL,0.002037284519900595,0.002397048160032405,-0.00030284882089899324,10
NRU,0.00231841819400469,0.00267561096981825,0.00027489881425466487,10
NZL,0.0007941439336795475,0.00101184588545601,9.091776883042302e-05,10
OMN,0.003050071047317959,0.004222173124493918,0.0015091681936331368,10
PAK,0.0012102493989323948,0.0014013706710414504,-0.0003775652156933207,10
PAN,0.0028830210206285843,0.0034560423744551144,-0.0005062658658894437,10
PER,0.0034819216310124413,0.004667480365305948,0.0007102300574182818,10
PHL,0.0021464525699892434,0.0029536813601475417,-0.0013425716630519613,10
PLW,0.008116857169345858,0.009633747516861885,-0.0023604478234201644,10
PNG,0.0019147578056942893,0.0026722142461209795,-0.0005072263571557989,10
POL,0.0014604429710879275,0.0018245934337536005,0.0003462932470929325,10
PRI,0.004356257009993636,0.005395784258707281,2.856888140781999e-05,10
PRK,0.0022109585721145296,0.002714474393899686,0.00061142690364413,10
PRT,0.001314323210150159,0.0016037436448673053,0.0002775236242835155,10
PRY,0.0028464861135284237,0.003724948471376909,-0.0005543353587740496,10
PSE,0.0011479192741427947,0.001547957128584352,0.0005835903501992367,10
PYF,0.001571919245913278,0.0022421398899374672,-0.00018446037502458656,10
QAT,0.0020029808455257923,0.002367731473984675,0.001110207197781099,10
ROU,0.0014348061973144199,0.0018286047218935325,0.00038157340205062783,10
RUS,0.002284204746948293,0.003229959735045704,0.00019964791428647155,10
RWA,0.0013753407134153516,0.001706619668323552,-0.0004440023983513175,10
SAU,0.0032592458241507915,0.005031696349187016,0.00039441901652715884,10
SDN,0.0012571833039268343,0.0013489968429838458,0.0008239577554789102,10
SEN,0.002580071468624251,0.003320147542214622,0.002147784945713399,10
SGP,0.0007446323001799704,0.0008677624105876833,0.00012123074990907367,10
SLB,0.0009840298740061981,0.0013456570386863125,-0.00019243592279464262,10
SLE,0.002000940489535413,0.0023696604599492744,0.000846575905205521,10
SLV,0.00148644861197188,0.0018838848683161479,-0.0006414302942678973,10
SMR,0.003888828405873834,0.004983490298639592,-0.0011636903278512633,10
SOM,0.0025920597737091045,0.003273375128929901,-0.001660407099193878,10
SRB,0.0012600497835621115,0.001610356934207163,0.0008214950658382847,10
SSD,0.00503087113036792,0.00619604632072086,-0.0004456025937703889,10
STP,0.0023303048911906487,0.0028864250077538216,-0.0005205840734566203,10
SUR,0.0021363681879820184,0.0031272503473513485,-0.00096494576378221,10
SVK,0.0014517788537968146,0.0015826248634254402,0.00047549257411798606,10
SVN,0.0011394990204607214,0.0014100486279821573,0.00028400047850837276,10
SWE,0.0010116701197546486,0.0013807858895458474,-0.0003036108958361483,10
SWZ,0.0023627222464800866,0.0033509169086027506,-0.0011512813766930917,10
SXM,0.004444256459192575,0.006629772413582368,0.0025573038256340385,10
SYC,0.001328510082022727,0.001495352863953725,0.0002961205396040167,10
SYR,0.002778280838131297,0.003067725162334233,-0.0016661881351151652,10
TCA,0.0021637096006069,0.0028658356170688033,-0.000739847714402253,10
TCD,0.0025758739644602346,0.002926051192274197,-0.001222862577678091,10
TGO,0.0015488001695618703,0.00216370163843977,-0.000501336199408009,10
THA,0.002963584937429897,0.004059495625016058,-0.0005646563288506546,10
TJK,0.0026098986971414885,0.0031433323126909924,-0.0004516879951977137,10
TKM,0.001349109120411418,0.0017225788225272206,-0.0005107580467267559,10
TLS,0.0016433767929283749,0.002002312014319183,-0.00035519473133988066,10
TON,0.002693821595739887,0.003704469076142914,-0.0005552020953786596,10
TTO,0.0012681391744402415,0.0019808693337057194,-0.0003734048475820151,10
TUN,0.001749580807173301,0.002052580959573035,-0.0002344340720121907,10
TUR,0.0016042643197266893,0.001979594052209769,-0.00012490336449231255,10
TUV,0.0019893684199244754,0.0023781121088660806,-0.0007389246373641578,10
TZA,0.002515051219745712,0.003269494408082052,-0.0006651301357851969,10
UGA,0.0016552455326244498,0.002098810054373811,-0.00020582920307551377,10
UKR,0.001790693649389119,0.002050892573800369,0.000921379520590071,10
URY,0.001536110441502092,0.00205684380911431,-8.821738575898186e-05,10
USA,0.0016347713053636247,0.0019343828279422756,0.000702618640193764,10
UZB,0.0016181653961199528,0.002036721176620581,-1.9656224785979946e-05,10
VCT,0.004086220078265801,0.0056032965148487095,-0.0013353475018499593,10
VEN,0.0027208570065780256,0.0032320732980896253,-0.0005269421939512409,10
VGB,0.003023599076272032,0.003653962072530201,-0.0006228213093088186,10
VIR,0.0011860235740575932,0.0014920555503381572,-0.00015880573923487962,10
VNM,0.0012425106063161495,0.0014960696161667004,-0.00011298450970036456,10
VUT,0.0016066704941686161,0.00209279884411151,-0.0008644106348314584,10
WSM,0.002885543793326484,0.003997758037245853,0.0005395198526705558,10
XKX,0.0015298535611769858,0.0019839607011372046,-0.0002213697978485918,10
YEM,0.001367810464846142,0.0017072504542009024,-0.0005018908376583475,10
ZAF,0.0019699280698192378,0.0025015372003317593,1.2139333080085636e-06,10
ZMB,0.0020826352766055932,0.0022952761546990584,0.0004192831711794076,10
ZWE,0.0019248783668558644,0.0021871575125160976,0.00011619545278933608,10
