ISO3,Country,Group,Share_2024_pct,Share_2050_pct,Change_pp,Pop_2024,Pop_2050,Rank,Anchor
AFG,Afghanistan,Pashtun,42.0,42.89,0.89,17911951,32976555,1,True
AFG,Afghanistan,Tajik,27.0,25.93,-1.07,11514826,19937771,2,False
AFG,Afghanistan,Hazara,9.0,9.25,0.25,3838275,7108479,3,False
AFG,Afghanistan,Uzbek,9.0,9.25,0.25,3838275,7108479,4,False
AFG,Afghanistan,Aimaq,4.0,3.84,-0.16,1705900,2953744,5,False
AFG,Afghanistan,Turkmen,3.0,3.08,0.08,1279425,2369493,6,False
AFG,Afghanistan,Baloch,2.0,1.92,-0.08,852950,1476872,7,False
AFG,Afghanistan,Other,2.0,1.92,-0.08,852950,1476872,8,False
AFG,Afghanistan,Nuristani,1.0,0.96,-0.04,426475,738436,9,False
AFG,Afghanistan,Pashayi,1.0,0.96,-0.04,426475,738436,10,False
AGO,Angola,Ovimbundu,37.0,38.64,1.64,14017766,28706497,1,True
AGO,Angola,Kimbundu,25.0,24.37,-0.63,9471464,18106979,2,False
AGO,Angola,Other African,17.6,17.16,-0.44,6667910,12747314,3,False
AGO,Angola,Bakongo,13.0,12.67,-0.33,4925161,9415629,4,False
AGO,Angola,Chokwe,4.4,4.29,-0.11,1666978,3186828,5,False
AGO,Angola,Mestico (mixed),2.0,1.95,-0.05,757717,1448558,6,False
AGO,Angola,European,1.0,0.92,-0.08,378859,683591,7,False
ALB,Albania,Albanian (Gheg),55.0,56.17,1.17,1535466,1258292,1,True
ALB,Albania,Albanian (Tosk),27.6,26.9,-0.7,770525,602565,2,False
ALB,Albania,Other,14.5,14.13,-0.37,404805,316565,3,False
ALB,Albania,Greek,1.7,1.56,-0.14,47460,35030,4,False
ALB,Albania,Romani / Egyptian,1.0,1.04,0.04,27918,23352,5,False
ALB,Albania,Macedonian,0.2,0.19,-0.01,5584,4366,6,False
AND,Andorra,Andorran,48.3,47.36,-0.94,39584,38937,1,True
AND,Andorra,Spanish,24.8,25.25,0.45,20325,20759,2,False
AND,Andorra,Portuguese,11.2,11.4,0.2,9179,9375,3,False
AND,Andorra,Other,11.2,11.4,0.2,9179,9375,4,False
AND,Andorra,French,4.5,4.58,0.08,3688,3767,5,False
ARE,UAE,Indian,25.8,27.87,2.07,2845001,4282733,1,True
ARE,UAE,Other foreign,20.8,20.39,-0.41,2293644,3133794,2,False
ARE,UAE,Pakistani,11.8,11.57,-0.23,1301202,1777825,3,False
ARE,UAE,Emirati,11.6,10.76,-0.84,1279148,1653151,4,False
ARE,UAE,Bangladeshi,8.5,8.33,-0.17,937306,1280637,5,False
ARE,UAE,Filipino,6.1,5.98,-0.12,672655,919045,6,False
ARE,UAE,Egyptian,4.4,4.31,-0.09,485194,662918,7,False
ARE,UAE,Nepali,3.0,2.94,-0.06,330814,451989,8,False
ARE,UAE,Other Arab,2.5,2.45,-0.05,275678,376658,9,False
ARE,UAE,Jordanian/Palestinian,2.0,1.96,-0.04,220543,301326,10,False
ARE,UAE,Sri Lankan,2.0,1.96,-0.04,220543,301326,11,False
ARE,UAE,Iranian,1.5,1.47,-0.03,165407,225995,12,False
ARG,Argentina,Italian descent,35.0,36.33,1.33,15993654,17549076,1,True
ARG,Argentina,Spanish descent,30.0,28.52,-1.48,13708846,13779752,2,False
ARG,Argentina,Other European descent,20.0,19.02,-0.98,9139231,9186501,3,False
ARG,Argentina,Mestizo/Indigenous,14.0,15.09,1.09,6397461,7287506,4,False
ARG,Argentina,East Asian,0.5,0.54,0.04,228481,262778,5,False
ARG,Argentina,Afro-Argentine,0.5,0.5,0.0,228481,243332,6,False
ARM,Armenia,Armenian,98.1,98.06,-0.04,2917340,2446687,1,True
ARM,Armenia,Other,1.5,1.58,0.08,44608,39343,2,False
ARM,Armenia,Russian,0.4,0.37,-0.03,11895,9169,3,False
ATG,Antigua & Barbuda,African descent,87.3,87.27,-0.03,81872,82959,1,True
ATG,Antigua & Barbuda,Mixed,4.7,4.56,-0.14,4408,4335,2,False
ATG,Antigua & Barbuda,Other,3.7,3.88,0.18,3470,3685,3,False
ATG,Antigua & Barbuda,Hispanic,2.7,2.83,0.13,2532,2689,4,False
ATG,Antigua & Barbuda,White,1.6,1.47,-0.13,1501,1393,5,False
AUS,Australia,English,25.9,27.41,1.51,6918720,8909376,1,True
AUS,Australia,Australian (European),21.0,19.76,-1.24,5609773,6423762,2,False
AUS,Australia,Other,15.0,15.36,0.36,4006981,4993259,3,False
AUS,Australia,Other European descent,10.1,9.5,-0.6,2698034,3089524,4,False
AUS,Australia,Chinese,5.5,5.63,0.13,1469226,1830862,5,False
AUS,Australia,Aboriginal / Torres Strait,3.9,3.93,0.03,1041815,1276016,6,False
AUS,Australia,Indian,3.1,3.17,0.07,828109,1031940,7,False
AUS,Australia,Middle Eastern,3.0,3.02,0.02,801396,981551,8,False
AUS,Australia,Italian,2.9,2.73,-0.17,774683,887091,9,False
AUS,Australia,German,2.5,2.35,-0.15,667830,764734,10,False
AUS,Australia,Filipino,1.6,1.64,0.04,427411,532614,11,False
AUS,Australia,Greek,1.4,1.32,-0.08,373985,428251,12,False
AUS,Australia,Vietnamese,1.3,1.33,0.03,347272,432749,13,False
AUS,Australia,New Zealander (Maori/Pacific),1.2,1.21,0.01,320558,392620,14,False
AUS,Australia,Korean,0.9,0.92,0.02,240419,299596,15,False
AUS,Australia,Sri Lankan,0.7,0.72,0.02,186992,233019,16,False
AUT,Austria,Austrian,80.8,80.15,-0.65,7369619,6992606,1,True
AUT,Austria,Other,10.5,10.89,0.39,957686,950064,2,False
AUT,Austria,Turkish,2.5,2.57,0.07,228020,224045,3,False
AUT,Austria,German,2.3,2.39,0.09,209779,208109,4,False
AUT,Austria,Serbian,2.2,2.26,0.06,200658,197160,5,False
AUT,Austria,Bosnian,1.7,1.75,0.05,155054,152351,6,False
AZE,Azerbaijan,Azerbaijani,91.6,91.41,-0.19,9468305,10260286,1,True
AZE,Azerbaijan,Other,3.8,3.98,0.18,392790,446773,2,False
AZE,Azerbaijan,Lezgin,2.0,2.07,0.07,206732,232898,3,False
AZE,Azerbaijan,Russian,1.3,1.19,-0.11,134376,133582,4,False
AZE,Azerbaijan,Talysh,1.3,1.35,0.05,134376,151383,5,False
BDI,Burundi,Hutu,85.0,85.39,0.39,11940620,20604909,1,True
BDI,Burundi,Tutsi,14.0,13.64,-0.36,1966690,3291691,2,False
BDI,Burundi,Twa,1.0,0.97,-0.03,140478,235121,3,False
BEL,Belgium,Flemish,50.0,50.19,0.19,5869380,5958122,1,True
BEL,Belgium,Other,19.4,19.96,0.56,2277320,2369969,2,False
BEL,Belgium,Walloon,17.0,16.2,-0.8,1995589,1923094,3,False
BEL,Belgium,Italian,3.0,2.86,-0.14,352163,339370,4,False
BEL,Belgium,Moroccan,2.5,2.55,0.05,293469,302491,5,False
BEL,Belgium,French,2.0,2.06,0.06,234775,244327,6,False
BEL,Belgium,Sub-Saharan African,2.0,2.04,0.04,234775,241993,7,False
BEL,Belgium,Turkish,1.8,1.83,0.03,211298,217794,8,False
BEL,Belgium,Dutch,1.5,1.54,0.04,176081,183245,9,False
BEL,Belgium,German-speaking,0.8,0.76,-0.04,93910,90499,10,False
BEN,Benin,Fon,38.4,39.76,1.36,5553685,9713699,1,True
BEN,Benin,Adja,15.1,14.63,-0.47,2183871,3573616,2,False
BEN,Benin,Yoruba,12.0,11.62,-0.38,1735527,2839959,3,False
BEN,Benin,Bariba,9.6,9.3,-0.3,1388421,2271968,4,False
BEN,Benin,Fulani (Peulh),8.6,8.91,0.31,1243794,2176961,5,False
BEN,Benin,Ottamari (Somba),6.1,5.91,-0.19,882226,1443646,6,False
BEN,Benin,Yoa-Lokpa,4.3,4.16,-0.14,621897,1017652,7,False
BEN,Benin,Other,3.0,2.91,-0.09,433882,709990,8,False
BEN,Benin,Dendi,2.9,2.81,-0.09,419419,686324,9,False
BFA,Burkina Faso,Mossi,52.0,52.94,0.94,12245367,19747079,1,True
BFA,Burkina Faso,Other,13.0,12.59,-0.41,3061342,4697884,2,False
BFA,Burkina Faso,Fulani,8.4,8.7,0.3,1978098,3246830,3,False
BFA,Burkina Faso,Gurma,7.0,6.78,-0.22,1648415,2529630,4,False
BFA,Burkina Faso,Bobo,4.9,4.75,-0.15,1153890,1770741,5,False
BFA,Burkina Faso,Gurunsi,4.6,4.46,-0.14,1083244,1662328,6,False
BFA,Burkina Faso,Senufo,4.5,4.36,-0.14,1059695,1626191,7,False
BFA,Burkina Faso,Bissa,3.1,3.0,-0.1,730012,1120265,8,False
BFA,Burkina Faso,Lobi,2.5,2.42,-0.08,588720,903439,9,False
BGD,Bangladesh,Bengali,98.0,97.99,-0.01,170091119,210396811,1,True
BGD,Bangladesh,Other,0.8,0.78,-0.02,1388499,1672531,2,False
BGD,Bangladesh,Chakma,0.4,0.42,0.02,694249,894469,3,False
BGD,Bangladesh,Santal,0.3,0.31,0.01,520687,670852,4,False
BGD,Bangladesh,Bihari (Urdu-speaking),0.3,0.29,-0.01,520687,627199,5,False
BGD,Bangladesh,Marma,0.2,0.21,0.01,347125,447235,6,False
BGR,Bulgaria,Bulgarian,84.8,84.31,-0.49,5730518,4554664,1,True
BGR,Bulgaria,Turkish,8.8,9.07,0.27,594676,490222,2,False
BGR,Bulgaria,Romani,4.9,5.05,0.15,331127,272965,3,False
BGR,Bulgaria,Other,1.5,1.56,0.06,101365,84366,4,False
BHR,Bahrain,Bahraini,48.4,48.92,0.52,777817,1046679,1,True
BHR,Bahrain,Other foreign,13.1,12.97,-0.13,210525,277434,2,False
BHR,Bahrain,Indian,13.0,12.87,-0.13,208918,275316,3,False
BHR,Bahrain,Bangladeshi,9.0,8.91,-0.09,144635,190603,4,False
BHR,Bahrain,Pakistani,6.0,5.94,-0.06,96424,127069,5,False
BHR,Bahrain,Filipino,4.0,3.96,-0.04,64282,84713,6,False
BHR,Bahrain,Egyptian,3.0,2.97,-0.03,48212,63534,7,False
BHR,Bahrain,Sri Lankan,2.0,1.98,-0.02,32141,42356,8,False
BHR,Bahrain,Nepali,1.5,1.48,-0.02,24106,31767,9,False
BHS,Bahamas,Black,90.6,90.61,0.01,363561,384421,1,True
BHS,Bahamas,Other,4.8,5.04,0.24,19262,21372,2,False
BHS,Bahamas,Mixed,2.5,2.43,-0.07,10032,10307,3,False
BHS,Bahamas,White,2.1,1.93,-0.17,8427,8172,4,False
BIH,Bosnia & Herzegovina,Bosniak,50.1,52.07,1.97,1585292,1278390,1,True
BIH,Bosnia & Herzegovina,Serb,30.8,29.45,-1.35,974591,723158,2,False
BIH,Bosnia & Herzegovina,Croat,15.4,14.73,-0.67,487295,361579,3,False
BIH,Bosnia & Herzegovina,Other,3.7,3.75,0.05,117077,92044,4,False
BLR,Belarus,Belarusian,83.7,84.32,0.62,7580455,6285004,1,True
BLR,Belarus,Russian,8.3,7.65,-0.65,751706,570302,2,False
BLR,Belarus,Other,3.2,3.38,0.18,289814,251580,3,False
BLR,Belarus,Polish,3.1,2.86,-0.24,280758,213004,4,False
BLR,Belarus,Ukrainian,1.7,1.79,0.09,153964,133652,5,False
BLZ,Belize,Mestizo,52.9,53.73,0.83,220634,277595,1,True
BLZ,Belize,Creole,25.9,25.05,-0.85,108023,129436,2,False
BLZ,Belize,Maya: Q'eqchi',6.3,6.52,0.22,26276,33676,3,False
BLZ,Belize,Garifuna,6.1,5.9,-0.2,25442,30485,4,False
BLZ,Belize,Maya: Yucatec/Mopan,5.0,5.17,0.17,20854,26727,5,False
BLZ,Belize,East Indian,1.5,1.45,-0.05,6256,7496,6,False
BLZ,Belize,Other,1.3,1.26,-0.04,5422,6497,7,False
BLZ,Belize,White/Mennonite,1.0,0.91,-0.09,4171,4717,8,False
BOL,Bolivia,Mestizo,68.0,67.77,-0.23,8441056,10918461,1,True
BOL,Bolivia,Quechua,11.0,11.29,0.29,1365465,1818052,2,False
BOL,Bolivia,Aymara,9.0,9.23,0.23,1117199,1487497,3,False
BOL,Bolivia,Other Indigenous,7.0,7.18,0.18,868932,1156942,4,False
BOL,Bolivia,White,5.0,4.53,-0.47,620666,729210,5,False
BRA,Brazil,Pardo (Mixed Euro/African/Indigenous),43.1,48.2,5.1,91371382,104840354,1,True
BRA,Brazil,White: Portuguese descent,25.0,22.28,-2.72,52999641,48446435,2,False
BRA,Brazil,White: Italian descent,8.0,7.13,-0.87,16959885,15502859,3,False
BRA,Brazil,Black (African descent),7.6,7.67,0.07,16111891,16690378,4,False
BRA,Brazil,White: German descent,4.5,4.01,-0.49,9539935,8720358,5,False
BRA,Brazil,White: Other European,4.2,3.74,-0.46,8903940,8139001,6,False
BRA,Brazil,White: Spanish descent,4.0,3.56,-0.44,8479943,7751430,7,False
BRA,Brazil,White: Polish/Ukrainian descent,2.0,1.78,-0.22,4239971,3875715,8,False
BRA,Brazil,Asian (Japanese/Chinese descent),1.1,1.12,0.02,2331984,2439009,9,False
BRA,Brazil,Indigenous,0.4,0.4,0.0,847994,878441,10,False
BRA,Brazil,Other,0.1,0.09,-0.01,211999,205320,11,False
BRB,Barbados,Black,92.4,92.73,0.33,261008,245021,1,True
BRB,Barbados,Mixed,3.1,3.02,-0.08,8757,7993,2,False
BRB,Barbados,White,2.7,2.49,-0.21,7627,6570,3,False
BRB,Barbados,East Indian,1.3,1.27,-0.03,3672,3352,4,False
BRB,Barbados,Other,0.5,0.49,-0.01,1412,1289,5,False
BRN,Brunei,Malay,65.7,67.17,1.47,304016,349003,1,True
BRN,Brunei,Other foreign workers,20.6,20.77,0.17,95323,107888,2,False
BRN,Brunei,Chinese,10.3,8.94,-1.36,47662,46428,3,False
BRN,Brunei,Indigenous (Dusun/Iban/etc.),3.4,3.13,-0.27,15733,16238,4,False
BTN,Bhutan,Ngalop (Bhote),50.0,51.28,1.28,395765,452501,1,True
BTN,Bhutan,Lhotshampa (Nepali),35.0,34.1,-0.9,277036,300891,2,False
BTN,Bhutan,Sharchop,13.0,12.67,-0.33,102899,111760,3,False
BTN,Bhutan,Other,2.0,1.95,-0.05,15831,17194,4,False
BWA,Botswana,Tswana (Batswana),79.0,79.6,0.6,1991705,2736346,1,True
BWA,Botswana,Kalanga,11.0,10.73,-0.27,277326,368716,2,False
BWA,Botswana,Basarwa (San),3.0,2.93,-0.07,75634,100559,3,False
BWA,Botswana,Kgalagadi,2.0,1.95,-0.05,50423,67039,4,False
BWA,Botswana,Other,2.0,1.95,-0.05,50423,67039,5,False
BWA,Botswana,Herero,1.5,1.46,-0.04,37817,50279,6,False
BWA,Botswana,White (European),1.5,1.38,-0.12,37817,47455,7,False
CAF,Central African Rep.,Baya,33.0,34.72,1.72,1759128,3686179,1,True
CAF,Central African Rep.,Banda,27.0,26.31,-0.69,1439287,2792918,2,False
CAF,Central African Rep.,Mandjia,13.0,12.67,-0.33,692990,1344738,3,False
CAF,Central African Rep.,Sara,10.0,9.74,-0.26,533069,1034414,4,False
CAF,Central African Rep.,Mboum,7.0,6.82,-0.18,373148,724090,5,False
CAF,Central African Rep.,M'Baka,4.0,3.9,-0.1,213228,413766,6,False
CAF,Central African Rep.,Yakoma,4.0,3.9,-0.1,213228,413766,7,False
CAF,Central African Rep.,Other,2.0,1.95,-0.05,106614,206883,8,False
CAN,Canada,White (European),67.0,66.12,-0.88,26627427,30166477,1,True
CAN,Canada,South Asian,7.6,7.85,0.25,3020425,3580795,2,False
CAN,Canada,Other,6.4,6.61,0.21,2543515,3015406,3,False
CAN,Canada,Indigenous,5.0,5.08,0.08,1987121,2315445,4,False
CAN,Canada,Chinese,4.9,5.06,0.16,1947379,2308670,5,False
CAN,Canada,Black,4.4,4.47,0.07,1748667,2037592,6,False
CAN,Canada,Filipino,2.6,2.69,0.09,1033303,1225009,7,False
CAN,Canada,Arab,2.1,2.13,0.03,834591,972487,8,False
CHE,Switzerland,Swiss,69.2,68.23,-0.97,6174009,6374674,1,True
CHE,Switzerland,Other,14.0,14.46,0.46,1249077,1351231,2,False
CHE,Switzerland,German,4.2,4.34,0.14,374723,405369,3,False
CHE,Switzerland,Italian,3.2,3.31,0.11,285503,308853,4,False
CHE,Switzerland,Portuguese,2.5,2.58,0.08,223049,241291,5,False
CHE,Switzerland,French,2.1,2.17,0.07,187362,202685,6,False
CHE,Switzerland,Kosovar Albanian,1.1,1.12,0.02,98142,104350,7,False
CHE,Switzerland,Spanish,1.1,1.14,0.04,98142,106168,8,False
CHE,Switzerland,Turkish,1.0,1.02,0.02,89220,94864,9,False
CHE,Switzerland,Serbian,0.8,0.83,0.03,71376,77213,10,False
CHE,Switzerland,Eritrean,0.8,0.81,0.01,71376,75891,11,False
CHL,Chile,White (Spanish/European descent),60.0,59.21,-0.79,11858864,12032244,1,True
CHL,Chile,Mestizo,28.9,28.93,0.03,5712020,5877671,2,False
CHL,Chile,Mapuche,9.1,9.74,0.64,1798594,1979567,3,False
CHL,Chile,Aymara,1.0,1.07,0.07,197648,217535,4,False
CHL,Chile,Other indigenous,0.7,0.75,0.05,138353,152274,5,False
CHL,Chile,Other,0.3,0.3,0.0,59294,61014,6,False
CHN,China,Han Chinese,91.1,90.86,-0.24,1293001690,1145083752,1,True
CHN,China,Other,2.5,2.59,0.09,35483032,32663146,2,False
CHN,China,Zhuang,1.4,1.45,0.05,19870498,18291362,3,False
CHN,China,Hui (Chinese Muslim),0.8,0.83,0.03,11354570,10452207,4,False
CHN,China,Uyghur,0.8,0.83,0.03,11354570,10452207,5,False
CHN,China,Miao/Hmong,0.8,0.83,0.03,11354570,10452207,6,False
CHN,China,Manchu,0.7,0.64,-0.06,9935249,8070218,7,False
CHN,China,Yi,0.7,0.73,0.03,9935249,9145681,8,False
CHN,China,Tujia,0.7,0.73,0.03,9935249,9145681,9,False
CHN,China,Tibetan,0.5,0.52,0.02,7096606,6532629,10,False
CIV,Cote d'Ivoire,Akan (Baoule/Agni),28.9,30.73,1.83,9228992,17128638,1,True
CIV,Cote d'Ivoire,Other,21.6,21.05,-0.55,6897793,11732156,2,False
CIV,Cote d'Ivoire,Voltaique/Gur,16.1,15.69,-0.41,5141411,8744801,3,False
CIV,Cote d'Ivoire,Northern Mande (Malinke),14.5,14.13,-0.37,4630463,7875753,4,False
CIV,Cote d'Ivoire,Krou (Bete),8.5,8.28,-0.22,2714409,4616821,5,False
CIV,Cote d'Ivoire,Southern Mande (Dan),6.9,6.72,-0.18,2203462,3747772,6,False
CIV,Cote d'Ivoire,Senoufo,3.5,3.41,-0.09,1117698,1901044,7,False
CMR,Cameroon,Bamileke-Bamum,24.3,26.06,1.76,7077071,13317087,1,True
CMR,Cameroon,Other,19.9,19.25,-0.65,5795626,9834647,2,False
CMR,Cameroon,Fang-Beti,19.6,18.96,-0.64,5708255,9686386,3,False
CMR,Cameroon,Biu-Mandara,14.6,14.12,-0.48,4252067,7215369,4,False
CMR,Cameroon,Arab-Choa/Hausa,10.7,11.07,0.37,3116241,5656018,5,False
CMR,Cameroon,Mbam,4.6,4.45,-0.15,1339692,2273335,6,False
CMR,Cameroon,Maka-Njem,3.3,3.19,-0.11,961084,1630871,7,False
CMR,Cameroon,Grassfields (Tikar),3.0,2.9,-0.1,873712,1482610,8,False
COD,Congo (DRC),Other,20.4,22.3,1.9,22292358,48660849,1,True
COD,Congo (DRC),Luba,18.0,17.41,-0.59,19669728,38006134,2,False
COD,Congo (DRC),Kongo,16.0,15.48,-0.52,17484202,33783230,3,False
COD,Congo (DRC),Mongo,13.8,13.35,-0.45,15080124,29138036,4,False
COD,Congo (DRC),Banyarwanda,10.3,10.66,0.36,11255455,23261607,5,False
COD,Congo (DRC),Azande,6.1,5.9,-0.2,6665852,12879856,6,False
COD,Congo (DRC),Bangi-Ngale,5.4,5.22,-0.18,5900918,11401840,7,False
COD,Congo (DRC),Chokwe,4.5,4.35,-0.15,4917432,9501533,8,False
COD,Congo (DRC),Lulua,3.0,2.9,-0.1,3278288,6334356,9,False
COD,Congo (DRC),Tshokwe/Lunda,2.5,2.42,-0.08,2731907,5278630,10,False
COG,Congo,Kongo,48.5,49.82,1.32,3071490,5483687,1,True
COG,Congo,Sangha,19.1,18.61,-0.49,1209597,2048255,2,False
COG,Congo,Teke,14.5,14.13,-0.37,918281,1554958,3,False
COG,Congo,M'Bochi,12.3,11.98,-0.32,778955,1319034,4,False
COG,Congo,Punu,3.0,2.92,-0.08,189989,321716,5,False
COG,Congo,Other,2.6,2.53,-0.07,164657,278820,6,False
COL,Colombia,Mestizo and White,84.2,84.18,-0.02,44530315,49991762,1,True
COL,Colombia,Afro-Colombian,6.8,6.94,0.14,3596272,4122611,2,False
COL,Colombia,Other,4.7,4.49,-0.21,2485659,2664035,3,False
COL,Colombia,Indigenous (Wayuu/Embera/etc.),4.3,4.39,0.09,2274113,2606945,4,False
COM,Comoros,Comorian (Antalote/Cafre/Makoa),97.0,97.08,0.08,840633,1269341,1,True
COM,Comoros,Makua / Other,3.0,2.92,-0.08,25999,38220,2,False
CPV,Cape Verde,Creole (Mulatto),71.0,71.78,0.78,372663,406398,1,True
CPV,Cape Verde,African,28.0,27.3,-0.7,146966,154535,2,False
CPV,Cape Verde,European,1.0,0.92,-0.08,5249,5209,3,False
CRI,Costa Rica,White or Mestizo,83.6,83.48,-0.12,4288604,4469848,1,True
CRI,Costa Rica,Mulatto,6.7,6.49,-0.21,343704,347242,2,False
CRI,Costa Rica,Other (incl. Nicaraguans),6.2,6.48,0.28,318054,347007,3,False
CRI,Costa Rica,Indigenous (Bribri/Cabecar),2.4,2.48,0.08,123118,133042,4,False
CRI,Costa Rica,Black,1.1,1.06,-0.04,56429,57010,5,False
CUB,Cuba,White (Spanish descent),64.1,63.71,-0.39,7038040,5976971,1,True
CUB,Cuba,Mulatto (Mixed),26.6,26.89,0.29,2920622,2522943,2,False
CUB,Cuba,Black,9.3,9.4,0.1,1021120,882082,3,False
CYP,Cyprus,Greek Cypriot,77.0,76.37,-0.63,1045881,1151981,1,True
CYP,Cyprus,Turkish Cypriot,18.0,18.46,0.46,244492,278419,2,False
CYP,Cyprus,Foreign residents,5.0,5.18,0.18,67914,78084,3,False
CZE,Czechia,Czech,76.0,75.55,-0.45,8159251,7422874,1,True
CZE,Czechia,Other,9.0,9.33,0.33,966227,917203,2,False
CZE,Czechia,Moravian,5.0,4.8,-0.2,536793,471849,3,False
CZE,Czechia,Ukrainian,4.0,4.15,0.15,429434,407646,4,False
CZE,Czechia,Slovak,2.3,2.39,0.09,246925,234396,5,False
CZE,Czechia,Vietnamese,1.2,1.24,0.04,128830,122294,6,False
CZE,Czechia,Romani,1.0,1.03,0.03,107359,100938,7,False
CZE,Czechia,Russian,0.9,0.93,0.03,96623,91720,8,False
CZE,Czechia,Polish,0.6,0.58,-0.02,64415,56622,9,False
DEU,Germany,German,83.5,82.8,-0.7,70601115,64831675,1,True
DEU,Germany,Other,10.5,10.97,0.47,8877985,8586207,2,False
DEU,Germany,Turkish,2.4,2.48,0.08,2029254,1943816,3,False
DEU,Germany,Syrian,1.4,1.45,0.05,1183731,1133893,4,False
DEU,Germany,Polish,1.2,1.25,0.05,1014627,981281,5,False
DEU,Germany,Romanian,1.0,1.04,0.04,845522,817734,6,False
DJI,Djibouti,Somali (Issa),60.0,61.01,1.01,701236,933787,1,True
DJI,Djibouti,Afar,35.0,34.09,-0.91,409054,521787,2,False
DJI,Djibouti,Other (French/Ethiopian),3.0,2.95,-0.05,35062,45156,3,False
DJI,Djibouti,Arab,2.0,1.95,-0.05,23375,29816,4,False
DMA,Dominica,Black,86.6,86.94,0.34,57352,54959,1,True
DMA,Dominica,Mixed,9.1,8.87,-0.23,6027,5605,2,False
DMA,Dominica,Indigenous (Kalinago),2.9,2.83,-0.07,1921,1786,3,False
DMA,Dominica,Other,1.4,1.36,-0.04,927,862,4,False
DNK,Denmark,Danish,83.0,82.38,-0.62,4961256,5045891,1,True
DNK,Denmark,Other Nordic/European,4.0,4.15,0.15,239097,254469,2,False
DNK,Denmark,Other Middle Eastern/African/Asian,3.7,3.84,0.14,221164,235383,3,False
DNK,Denmark,Other,2.8,2.91,0.11,167368,178128,4,False
DNK,Denmark,Polish,1.3,1.35,0.05,77706,82702,5,False
DNK,Denmark,Syrian,1.1,1.13,0.03,65752,69310,6,False
DNK,Denmark,Turkish,1.0,1.03,0.03,59774,63009,7,False
DNK,Denmark,Somali,0.8,0.82,0.02,47819,50408,8,False
DNK,Denmark,Pakistani,0.7,0.72,0.02,41842,44107,9,False
DNK,Denmark,Iraqi,0.6,0.62,0.02,35865,37806,10,False
DNK,Denmark,Iranian,0.5,0.52,0.02,29887,31809,11,False
DNK,Denmark,Ukrainian,0.5,0.52,0.02,29887,31809,12,False
DOM,Dominican Rep.,Mixed (Mulatto),70.4,71.69,1.29,8045001,9316596,1,True
DOM,Dominican Rep.,Black,15.8,15.51,-0.29,1805554,2015809,2,False
DOM,Dominican Rep.,White,13.5,12.51,-0.99,1542720,1625611,3,False
DOM,Dominican Rep.,Other,0.3,0.29,-0.01,34283,38275,4,False
DZA,Algeria,Arab,68.0,68.84,0.84,31833725,41005158,1,True
DZA,Algeria,Amazigh (Kabyle/Chaoui),30.0,29.24,-0.76,14044291,17415654,2,False
DZA,Algeria,Other,1.5,1.46,-0.04,702215,870783,3,False
DZA,Algeria,European,0.5,0.46,-0.04,234072,273955,4,False
ECU,Ecuador,Mestizo,71.9,72.17,0.27,13039409,15399109,1,True
ECU,Ecuador,Montubio,7.4,7.16,-0.24,1342025,1528653,2,False
ECU,Ecuador,Afroecuadorian,7.2,7.46,0.26,1305754,1590856,3,False
ECU,Ecuador,Amerindian,7.0,7.25,0.25,1269483,1546666,4,False
ECU,Ecuador,White,6.1,5.57,-0.53,1106264,1189317,5,False
ECU,Ecuador,Other,0.4,0.39,-0.01,72542,82630,6,False
EGY,Egypt,Egyptian (Muslim),85.9,86.26,0.36,100106362,139425527,1,True
EGY,Egypt,Egyptian (Coptic Christian),10.0,9.74,-0.26,11653826,15747992,2,False
EGY,Egypt,Other Arab,2.1,2.05,-0.05,2447303,3307078,3,False
EGY,Egypt,Nubian,1.0,0.97,-0.03,1165383,1574799,4,False
EGY,Egypt,Bedouin Arab,1.0,0.97,-0.03,1165383,1574799,5,False
ERI,Eritrea,Tigrinya,55.0,55.05,0.05,1944586,3135641,1,True
ERI,Eritrea,Tigre,30.0,30.63,0.63,1060683,1744794,2,False
ERI,Eritrea,Saho,4.0,3.82,-0.18,141424,217501,3,False
ERI,Eritrea,Other,3.5,3.34,-0.16,123746,190313,4,False
ERI,Eritrea,Kunama,2.0,1.91,-0.09,70712,108751,5,False
ERI,Eritrea,Rashaida,2.0,1.91,-0.09,70712,108751,6,False
ERI,Eritrea,Bilen,2.0,1.91,-0.09,70712,108751,7,False
ERI,Eritrea,Nara,1.5,1.43,-0.07,53034,81563,8,False
ESP,Spain,Spanish,79.2,78.49,-0.71,37945142,35262744,1,True
ESP,Spain,Other,10.4,10.77,0.37,4982695,4838019,2,False
ESP,Spain,Latin American,5.0,5.18,0.18,2395527,2325971,3,False
ESP,Spain,Moroccan,2.3,2.36,0.06,1101942,1059727,4,False
ESP,Spain,Romanian,1.9,1.97,0.07,910300,883869,5,False
ESP,Spain,British,1.2,1.24,0.04,574926,558233,6,False
EST,Estonia,Estonian,69.1,70.5,1.4,940139,827883,1,True
EST,Estonia,Russian,23.7,21.99,-1.71,322450,258201,2,False
EST,Estonia,Other,4.1,4.35,0.25,55782,51108,3,False
EST,Estonia,Ukrainian,2.1,2.23,0.13,28572,26177,4,False
EST,Estonia,Belarusian,1.0,0.93,-0.07,13605,10895,5,False
ETH,Ethiopia,Oromo,35.8,37.27,1.47,47277398,83868142,1,True
ETH,Ethiopia,Amhara,24.1,23.37,-0.73,31826405,52577219,2,False
ETH,Ethiopia,Other,13.4,12.99,-0.41,17696009,29233806,3,False
ETH,Ethiopia,Somali,7.2,7.47,0.27,9508303,16800971,4,False
ETH,Ethiopia,Tigray,5.7,5.53,-0.17,7527407,12435276,5,False
ETH,Ethiopia,Sidama,4.1,3.98,-0.12,5414451,8944672,6,False
ETH,Ethiopia,Gurage,2.5,2.42,-0.08,3301494,5454068,7,False
ETH,Ethiopia,Welaita,2.3,2.23,-0.07,3037375,5017743,8,False
ETH,Ethiopia,Hadiya,1.7,1.65,-0.05,2245016,3708766,9,False
ETH,Ethiopia,Afar,1.7,1.65,-0.05,2245016,3708766,10,False
ETH,Ethiopia,Gamo,1.5,1.45,-0.05,1980897,3272441,11,False
FIN,Finland,Finnish,86.9,86.7,-0.2,4881443,4640105,1,True
FIN,Finland,Other,5.5,5.75,0.25,308952,307779,2,False
FIN,Finland,Swedish-speaking,5.2,5.04,-0.16,292100,269458,3,False
FIN,Finland,Russian,1.5,1.57,0.07,84260,83940,4,False
FIN,Finland,Estonian,0.9,0.94,0.04,50556,50364,5,False
FJI,Fiji,iTaukei (indigenous Fijian),56.8,60.71,3.91,527558,607250,1,True
FJI,Fiji,Fijian Indian,37.5,33.84,-3.66,348300,338501,2,False
FJI,Fiji,Other,4.5,4.3,-0.2,41796,43038,3,False
FJI,Fiji,Rotuman,1.2,1.15,-0.05,11146,11477,4,False
FRA,France,French (native),83.0,82.35,-0.65,55235282,56177859,1,True
FRA,France,North African (Arab/Berber),7.0,7.24,0.24,4658397,4941578,2,False
FRA,France,Sub-Saharan African,4.0,4.14,0.14,2661941,2823759,3,False
FRA,France,Other European,3.5,3.66,0.16,2329199,2494616,4,False
FRA,France,Other,2.5,2.61,0.11,1663713,1781869,5,False
FSM,Micronesia,Chuukese,48.8,50.11,1.31,55227,63355,1,True
FSM,Micronesia,Pohnpeian,24.2,23.58,-0.62,27387,29808,2,False
FSM,Micronesia,Other,15.6,15.2,-0.4,17655,19215,3,False
FSM,Micronesia,Kosraean,6.2,6.04,-0.16,7017,7637,4,False
FSM,Micronesia,Yapese,5.2,5.07,-0.13,5885,6405,5,False
GAB,Gabon,Other African,26.6,28.44,1.84,675361,1161729,1,True
GAB,Gabon,Fang,23.2,22.57,-0.63,589037,921824,2,False
GAB,Gabon,Shirazi-Punu,18.7,18.19,-0.51,474784,743022,3,False
GAB,Gabon,Nzabi,11.5,11.19,-0.31,291980,456938,4,False
GAB,Gabon,Mbamba,11.0,10.7,-0.3,279285,437072,5,False
GAB,Gabon,Tsogo,4.0,3.89,-0.11,101558,158935,6,False
GAB,Gabon,Kota,3.0,2.92,-0.08,76169,119201,7,False
GAB,Gabon,French expatriate,2.0,2.1,0.1,50779,85818,8,False
GBR,UK,White British,74.4,73.82,-0.58,51438810,55737116,1,True
GBR,UK,Other,5.2,5.4,0.2,3595186,4075951,2,False
GBR,UK,Other White,4.6,4.78,0.18,3180357,3605649,3,False
GBR,UK,Indian,3.1,3.19,0.09,2143284,2406685,4,False
GBR,UK,Mixed/Multiple,2.9,2.79,-0.11,2005007,2104913,5,False
GBR,UK,Black African,2.5,2.57,0.07,1728455,1940875,6,False
GBR,UK,Pakistani,2.3,2.36,0.06,1590178,1785605,7,False
GBR,UK,Other Asian,1.5,1.56,0.06,1037073,1175755,8,False
GBR,UK,Black Caribbean,1.1,1.06,-0.04,760520,798415,9,False
GBR,UK,Bangladeshi,1.0,1.03,0.03,691382,776350,10,False
GBR,UK,Chinese,0.8,0.83,0.03,553105,627069,11,False
GBR,UK,Arab,0.6,0.62,0.02,414829,470302,12,False
GEO,Georgia,Georgian,86.8,86.99,0.19,3305056,3187410,1,True
GEO,Georgia,Azerbaijani,6.3,6.55,0.25,239883,240147,2,False
GEO,Georgia,Armenian,4.5,4.13,-0.37,171345,151363,3,False
GEO,Georgia,Russian,1.5,1.38,-0.12,57115,50454,4,False
GEO,Georgia,Other,0.9,0.95,0.05,34269,34638,5,False
GHA,Ghana,Akan,45.7,47.09,1.39,15733330,23807600,1,True
GHA,Ghana,Mole-Dagbani,18.5,18.02,-0.48,6369072,9112169,2,False
GHA,Ghana,Ewe,12.8,12.47,-0.33,4406709,6304636,3,False
GHA,Ghana,Ga-Dangme,7.1,6.92,-0.18,2444347,3497103,4,False
GHA,Ghana,Gurma,6.4,6.24,-0.16,2203355,3152318,5,False
GHA,Ghana,Guan,3.2,3.12,-0.08,1101677,1576159,6,False
GHA,Ghana,Grusi,2.6,2.53,-0.07,895113,1280629,7,False
GHA,Ghana,Mande,2.0,1.95,-0.05,688548,985099,8,False
GHA,Ghana,Other,1.7,1.66,-0.04,585266,837334,9,False
GIN,Guinea,Fulani (Peulh),33.4,36.62,3.22,4928096,8569679,1,True
GIN,Guinea,Malinke,29.8,28.36,-1.44,4396924,6637844,2,False
GIN,Guinea,Susu,21.0,19.99,-1.01,3098504,4677676,3,False
GIN,Guinea,Guerze,7.8,7.42,-0.38,1150873,1737422,4,False
GIN,Guinea,Kissi,6.3,6.0,-0.3,929551,1403303,5,False
GIN,Guinea,Toma,1.6,1.52,-0.08,236076,356394,6,False
GIN,Guinea,Other,0.1,0.1,-0.0,14755,22275,7,False
GMB,Gambia,Mandinka,34.4,35.56,1.16,949440,1529611,1,True
GMB,Gambia,Fula,22.5,23.09,0.59,621000,993328,2,False
GMB,Gambia,Wolof,12.3,11.8,-0.5,339480,507685,3,False
GMB,Gambia,Jola,10.7,10.27,-0.43,295320,441644,4,False
GMB,Gambia,Other,8.9,8.54,-0.36,245640,367349,5,False
GMB,Gambia,Serahule,8.2,7.87,-0.33,226320,338456,6,False
GMB,Gambia,Serer,3.0,2.88,-0.12,82800,123826,7,False
GNB,Guinea-Bissau,Balanta,28.5,29.9,1.4,627388,1028000,1,True
GNB,Guinea-Bissau,Fula,22.5,23.09,0.59,495306,793990,2,False
GNB,Guinea-Bissau,Manjaco,14.7,14.1,-0.6,323600,484985,3,False
GNB,Guinea-Bissau,Other,11.0,10.55,-0.45,242150,362914,4,False
GNB,Guinea-Bissau,Mandinga,9.1,8.73,-0.37,200324,300229,5,False
GNB,Guinea-Bissau,Papel,8.2,7.87,-0.33,180512,270536,6,False
GNB,Guinea-Bissau,Beafada,3.0,2.88,-0.12,66041,98977,7,False
GNB,Guinea-Bissau,Mancanha,3.0,2.88,-0.12,66041,98977,8,False
GNQ,Equatorial Guinea,Fang,85.7,85.99,0.29,1621892,2703201,1,True
GNQ,Equatorial Guinea,Bubi,6.5,6.33,-0.17,123014,198907,2,False
GNQ,Equatorial Guinea,Ndowe,3.6,3.5,-0.1,68131,110164,3,False
GNQ,Equatorial Guinea,Annobon,1.6,1.56,-0.04,30280,48962,4,False
GNQ,Equatorial Guinea,Other,1.4,1.36,-0.04,26495,42841,5,False
GNQ,Equatorial Guinea,European,1.2,1.26,0.06,22710,39656,6,False
GRC,Greece,Greek,91.6,91.22,-0.38,9203797,8038363,1,True
GRC,Greece,Albanian,4.4,4.6,0.2,442104,405274,2,False
GRC,Greece,Other,2.7,2.82,0.12,271291,248691,3,False
GRC,Greece,Romanian,0.5,0.52,0.02,50239,46054,4,False
GRC,Greece,Bulgarian,0.3,0.31,0.01,30143,27632,5,False
GRC,Greece,Pakistani,0.3,0.31,0.01,30143,27632,6,False
GRC,Greece,Georgian,0.2,0.21,0.01,20096,18422,7,False
GRD,Grenada,African descent,82.4,82.72,0.32,96588,93681,1,True
GRD,Grenada,Mixed,13.3,12.94,-0.36,15590,14652,2,False
GRD,Grenada,East Indian,2.2,2.14,-0.06,2579,2424,3,False
GRD,Grenada,Other,2.1,2.21,0.11,2462,2498,4,False
GTM,Guatemala,Ladino (Mestizo),56.0,55.62,-0.38,10307565,13720733,1,True
GTM,Guatemala,Other Maya,10.2,10.34,0.14,1877449,2551088,2,False
GTM,Guatemala,Maya: K'iche',9.1,9.23,0.13,1674979,2275971,3,False
GTM,Guatemala,Maya: Q'eqchi',8.7,8.82,0.12,1601354,2175928,4,False
GTM,Guatemala,Maya: Kaqchikel,7.8,7.91,0.11,1435697,1950832,5,False
GTM,Guatemala,Maya: Mam,5.9,5.98,0.08,1085976,1475629,6,False
GTM,Guatemala,White,1.8,1.61,-0.19,331315,397253,7,False
GTM,Guatemala,Garifuna,0.4,0.41,0.01,73625,100043,8,False
GTM,Guatemala,Xinca,0.1,0.09,-0.01,18406,23383,9,False
GUY,Guyana,East Indian,39.8,41.06,1.26,330775,386211,1,True
GUY,Guyana,African descent,29.3,28.34,-0.96,243510,266595,2,False
GUY,Guyana,Mixed,19.9,19.25,-0.65,165387,181066,3,False
GUY,Guyana,Amerindian (Arawak/Carib),10.5,10.86,0.36,87265,102187,4,False
GUY,Guyana,Other,0.5,0.48,-0.02,4155,4549,5,False
HKG,Hong Kong,Chinese,91.6,91.22,-0.38,6792061,5555856,1,True
HKG,Hong Kong,Other,3.8,3.97,0.17,281767,241915,2,False
HKG,Hong Kong,Filipino,2.7,2.82,0.12,200203,171887,3,False
HKG,Hong Kong,Indonesian,1.9,1.99,0.09,140883,120958,4,False
HND,Honduras,Mestizo,90.0,89.88,-0.12,9743134,13344280,1,True
HND,Honduras,Indigenous: Lenca,4.0,4.15,0.15,433028,616267,2,False
HND,Honduras,Indigenous: Miskito,2.0,2.08,0.08,216514,308134,3,False
HND,Honduras,Black (Garifuna),2.0,1.94,-0.06,216514,288083,4,False
HND,Honduras,Other Indigenous,1.0,1.04,0.04,108257,154067,5,False
HND,Honduras,White,1.0,0.92,-0.08,108257,135950,6,False
HRV,Croatia,Croat,90.4,90.58,0.18,3503294,2929559,1,True
HRV,Croatia,Serb,4.4,4.04,-0.36,170514,130765,2,False
HRV,Croatia,Other,3.3,3.47,0.17,127886,112215,3,False
HRV,Croatia,Bosniak,0.9,0.94,0.04,34878,30312,4,False
HRV,Croatia,Italian,0.6,0.55,-0.05,23252,17832,5,False
HRV,Croatia,Albanian,0.4,0.42,0.02,15501,13472,6,False
HTI,Haiti,Black (African descent),95.0,95.13,0.13,11183934,13994214,1,True
HTI,Haiti,Mixed (Mulatto),5.0,4.87,-0.13,588628,716657,2,False
HUN,Hungary,Hungarian,88.0,87.75,-0.25,8514999,7656522,1,True
HUN,Hungary,Other,6.8,7.11,0.31,657977,620276,2,False
HUN,Hungary,Romani,3.2,3.31,0.11,309636,289107,3,False
HUN,Hungary,German,1.2,1.1,-0.1,116114,95666,4,False
HUN,Hungary,Slovak,0.8,0.73,-0.07,77409,63777,5,False
IDN,Indonesia,Javanese,40.1,41.5,1.4,113678661,133088166,1,True
IDN,Indonesia,Sundanese,15.5,15.05,-0.45,43940630,48264642,2,False
IDN,Indonesia,Other,15.1,14.66,-0.44,42806678,47019103,3,False
IDN,Indonesia,Malay,3.7,3.84,0.14,10489054,12323113,4,False
IDN,Indonesia,Batak,3.6,3.5,-0.1,10205566,11209852,5,False
IDN,Indonesia,Madurese,3.0,2.91,-0.09,8504638,9341544,6,False
IDN,Indonesia,Betawi,2.9,2.82,-0.08,8221150,9030159,7,False
IDN,Indonesia,Minangkabau,2.7,2.62,-0.08,7654174,8407389,8,False
IDN,Indonesia,Bugis,2.7,2.62,-0.08,7654174,8407389,9,False
IDN,Indonesia,Bantenese,2.0,1.94,-0.06,5669759,6227696,10,False
IDN,Indonesia,Banjarese,1.7,1.65,-0.05,4819295,5293541,11,False
IDN,Indonesia,Balinese,1.7,1.65,-0.05,4819295,5293541,12,False
IDN,Indonesia,Acehnese,1.4,1.36,-0.04,3968831,4359387,13,False
IDN,Indonesia,Dayak,1.4,1.45,0.05,3968831,4662800,14,False
IDN,Indonesia,Sasak,1.3,1.26,-0.04,3685343,4048002,15,False
IDN,Indonesia,Chinese Indonesian,1.2,1.17,-0.03,3401855,3736617,16,False
IND,India,Hindi-speaking (North/Central Indo-Aryan),43.6,44.86,1.26,632608002,753515186,1,True
IND,India,Bengali,8.3,8.05,-0.25,120427670,135249154,2,False
IND,India,Marathi,6.9,6.69,-0.21,100114569,112436044,3,False
IND,India,Telugu (Dravidian),6.7,6.5,-0.2,97212698,109177028,4,False
IND,India,Tamil (Dravidian),5.7,5.53,-0.17,82703340,92881949,5,False
IND,India,Gujarati,4.6,4.46,-0.14,66743046,74957363,6,False
IND,India,Urdu-speaking (Muslim),4.2,4.36,0.16,60939303,73202695,7,False
IND,India,Kannada (Dravidian),3.6,3.49,-0.11,52233688,58662284,8,False
IND,India,Odia,3.1,3.01,-0.09,44979009,50514744,9,False
IND,India,Other Indo-Aryan,3.0,2.91,-0.09,43528074,48885236,10,False
IND,India,Malayalam (Dravidian),2.9,2.81,-0.09,42077138,47255729,11,False
IND,India,Punjabi,2.7,2.62,-0.08,39175266,43996713,12,False
IND,India,Scheduled Tribes (Adivasi),2.0,2.08,0.08,29018716,34858426,13,False
IND,India,Assamese,1.3,1.26,-0.04,18862165,21183602,14,False
IND,India,Other,0.9,0.87,-0.03,13058422,14665571,15,False
IND,India,Other Dravidian,0.5,0.49,-0.01,7254679,8147539,16,False
IRL,Ireland,Irish,76.6,75.84,-0.76,4025342,4527548,1,True
IRL,Ireland,Other White British,10.2,10.54,0.34,536012,629189,2,False
IRL,Ireland,Other EU (Romanian/Lithuanian),4.0,4.13,0.13,210201,246741,3,False
IRL,Ireland,Polish,3.0,3.1,0.1,157650,185056,4,False
IRL,Ireland,Asian (other),1.7,1.76,0.06,89335,104865,5,False
IRL,Ireland,Other,1.3,1.34,0.04,68315,80191,6,False
IRL,Ireland,African (other),1.1,1.13,0.03,57805,67206,7,False
IRL,Ireland,Indian,0.9,0.93,0.03,47295,55517,8,False
IRL,Ireland,Filipino,0.7,0.72,0.02,36785,43180,9,False
IRL,Ireland,Nigerian,0.5,0.51,0.01,26275,30548,10,False
IRN,Iran,Persian,59.0,59.49,0.49,54024965,60593429,1,True
IRN,Iran,Azeri,16.0,15.44,-0.56,14650838,15725733,2,False
IRN,Iran,Kurd,10.0,10.32,0.32,9156774,10512651,3,False
IRN,Iran,Lur,6.0,5.79,-0.21,5494064,5897150,4,False
IRN,Iran,Gilaki/Mazandarani,2.5,2.41,-0.09,2289193,2457146,5,False
IRN,Iran,Baloch,2.2,2.27,0.07,2014490,2312783,6,False
IRN,Iran,Arab,2.0,2.06,0.06,1831355,2102530,7,False
IRN,Iran,Turkmen,1.5,1.45,-0.05,1373516,1474287,8,False
IRN,Iran,Other,0.8,0.77,-0.03,732542,786287,9,False
IRQ,Iraq,Arab (Shia),55.0,56.41,1.41,25323108,40577714,1,True
IRQ,Iraq,Arab (Sunni),18.0,17.62,-0.38,8287563,12674338,2,False
IRQ,Iraq,Kurdish,18.0,17.62,-0.38,8287563,12674338,3,False
IRQ,Iraq,Other,5.5,5.03,-0.47,2532311,3620714,4,False
IRQ,Iraq,Turkmen,2.0,1.96,-0.04,920840,1408260,5,False
IRQ,Iraq,Assyrian/Chaldean,1.0,0.86,-0.14,460420,621330,6,False
IRQ,Iraq,Yazidi,0.5,0.49,-0.01,230210,352065,7,False
ISL,Iceland,Icelandic,81.3,80.61,-0.69,319837,349042,1,True
ISL,Iceland,Other European,6.0,6.22,0.22,23604,26937,2,False
ISL,Iceland,Polish,5.6,5.81,0.21,22031,25142,3,False
ISL,Iceland,Other,4.8,4.98,0.18,18883,21550,4,False
ISL,Iceland,Danish,1.0,1.04,0.04,3934,4490,5,False
ISL,Iceland,Lithuanian,0.7,0.73,0.03,2754,3143,6,False
ISL,Iceland,Filipino,0.6,0.62,0.02,2360,2694,7,False
ISR,Israel,Jewish (Non-Haredi),59.2,58.73,-0.47,5557113,7689449,1,True
ISR,Israel,Arab Muslim (incl. Bedouin),16.8,17.06,0.26,1577019,2233094,2,False
ISR,Israel,Jewish (Haredi/Orthodox),14.0,14.21,0.21,1314182,1860912,3,False
ISR,Israel,Other (incl. migrant workers),6.7,6.87,0.17,628930,899168,4,False
ISR,Israel,Arab Christian,1.7,1.61,-0.09,159579,211264,5,False
ISR,Israel,Druze,1.6,1.52,-0.08,150192,198837,6,False
ITA,Italy,Italian,88.5,88.02,-0.48,52518440,45674205,1,True
ITA,Italy,Other,6.0,6.26,0.26,3560572,3246832,2,False
ITA,Italy,Romanian,2.0,2.09,0.09,1186857,1082277,3,False
ITA,Italy,Albanian,1.5,1.56,0.06,890143,811708,4,False
ITA,Italy,Moroccan,1.2,1.24,0.04,712114,643164,5,False
ITA,Italy,Chinese,0.8,0.83,0.03,474743,432911,6,False
JAM,Jamaica,Black (African descent),92.1,92.3,0.2,2614887,2265983,1,True
JAM,Jamaica,Mixed,6.1,5.94,-0.16,173190,145906,2,False
JAM,Jamaica,Other,1.0,0.97,-0.03,28392,23919,3,False
JAM,Jamaica,East Indian,0.8,0.78,-0.02,22713,19135,4,False
JOR,Jordan,Transjordanian Arab,40.0,41.65,1.65,4621154,6816914,1,True
JOR,Jordan,Jordanian of Palestinian origin,30.0,29.31,-0.69,3465866,4797127,2,False
JOR,Jordan,Syrian,13.0,12.7,-0.3,1501875,2078755,3,False
JOR,Jordan,Palestinian,7.0,6.84,-0.16,808702,1119330,4,False
JOR,Jordan,Egyptian,7.0,6.84,-0.16,808702,1119330,5,False
JOR,Jordan,Other Arab,1.5,1.37,-0.13,173293,224249,6,False
JOR,Jordan,Circassian/Chechen/Armenian,1.5,1.29,-0.21,173293,211651,7,False
JPN,Japan,Japanese,97.4,97.32,-0.08,120535462,102307354,1,True
JPN,Japan,Other,1.0,1.05,0.05,1237530,1104415,2,False
JPN,Japan,Chinese,0.8,0.84,0.04,990024,883532,3,False
JPN,Japan,Korean,0.4,0.37,-0.03,495012,386095,4,False
JPN,Japan,Filipino,0.4,0.42,0.02,495012,441766,5,False
KAZ,Kazakhstan,Kazakh,70.4,72.66,2.26,14497172,19286184,1,True
KAZ,Kazakhstan,Russian,15.5,13.61,-1.89,3191849,3613335,2,False
KAZ,Kazakhstan,Other,6.3,6.33,0.03,1297332,1680413,3,False
KAZ,Kazakhstan,Uzbek,3.2,3.18,-0.02,658962,845390,4,False
KAZ,Kazakhstan,Ukrainian,2.0,1.76,-0.24,411851,466237,5,False
KAZ,Kazakhstan,Uyghur,1.5,1.49,-0.01,308889,396277,6,False
KAZ,Kazakhstan,German,1.1,0.97,-0.13,226518,256430,7,False
KEN,Kenya,Kikuyu,17.1,19.15,2.05,9650034,16004730,1,True
KEN,Kenya,Luhya,14.3,13.87,-0.43,8069911,11592630,2,False
KEN,Kenya,Kalenjin,13.4,13.0,-0.4,7562015,10863024,3,False
KEN,Kenya,Luo,10.7,10.38,-0.32,6038325,8674206,4,False
KEN,Kenya,Kamba,10.1,9.79,-0.31,5699728,8187802,5,False
KEN,Kenya,Other,7.8,7.56,-0.24,4401770,6323253,6,False
KEN,Kenya,Somali,6.8,7.05,0.25,3837440,5896254,7,False
KEN,Kenya,Kisii,5.7,5.53,-0.17,3216678,4620839,8,False
KEN,Kenya,Mijikenda,5.2,5.04,-0.16,2934513,4215502,9,False
KEN,Kenya,Meru,4.2,4.07,-0.13,2370184,3404829,10,False
KEN,Kenya,Turkana,2.5,2.42,-0.08,1410824,2026684,11,False
KEN,Kenya,Maasai,2.2,2.13,-0.07,1241525,1783482,12,False
KGZ,Kyrgyzstan,Kyrgyz,73.8,75.24,1.44,5303278,7255338,1,True
KGZ,Kyrgyzstan,Uzbek,14.8,14.57,-0.23,1063530,1405129,2,False
KGZ,Kyrgyzstan,Russian,5.9,5.13,-0.77,423975,494283,3,False
KGZ,Kyrgyzstan,Other,4.4,4.05,-0.35,316185,390558,4,False
KGZ,Kyrgyzstan,Dungan,1.1,1.01,-0.09,79046,97640,5,False
KHM,Cambodia,Khmer,92.3,92.0,-0.3,16280616,20177177,1,True
KHM,Cambodia,Vietnamese,4.7,4.92,0.22,829024,1078652,2,False
KHM,Cambodia,Cham (Muslim),2.0,2.07,0.07,352776,454617,3,False
KHM,Cambodia,Chinese,0.5,0.52,0.02,88194,114750,4,False
KHM,Cambodia,Other,0.5,0.48,-0.02,88194,106259,5,False
KIR,Kiribati,I-Kiribati,95.8,95.91,0.11,128871,175161,1,True
KIR,Kiribati,Mixed / Other,4.2,4.09,-0.11,5650,7474,2,False
KNA,Saint Kitts & Nevis,African descent,92.5,92.73,0.23,43352,41057,1,True
KNA,Saint Kitts & Nevis,Mixed,3.0,2.92,-0.08,1406,1295,2,False
KNA,Saint Kitts & Nevis,European,2.1,1.93,-0.17,984,855,3,False
KNA,Saint Kitts & Nevis,Indian,1.5,1.46,-0.04,703,647,4,False
KNA,Saint Kitts & Nevis,Other,0.9,0.95,0.05,422,419,5,False
KOR,South Korea,Korean,96.3,96.12,-0.18,49804036,43390798,1,True
KOR,South Korea,Other (incl. foreign workers),2.2,2.31,0.11,1137787,1041930,2,False
KOR,South Korea,Chinese,1.5,1.57,0.07,775764,710407,3,False
KWT,Kuwait,Kuwaiti,31.0,31.92,0.92,1529697,2032457,1,True
KWT,Kuwait,Other foreign,21.0,20.72,-0.28,1036247,1319439,2,False
KWT,Kuwait,Indian,14.0,13.81,-0.19,690831,879626,3,False
KWT,Kuwait,Egyptian,10.0,9.87,-0.13,493451,628304,4,False
KWT,Kuwait,Bangladeshi,8.0,7.89,-0.11,394761,502643,5,False
KWT,Kuwait,Pakistani,6.0,5.92,-0.08,296070,376983,6,False
KWT,Kuwait,Filipino,5.0,4.93,-0.07,246725,314152,7,False
KWT,Kuwait,Syrian,3.0,2.96,-0.04,148035,188491,8,False
KWT,Kuwait,Nepali,2.0,1.97,-0.03,98690,125661,9,False
LAO,Laos,Lao (Lao Lum),53.2,54.07,0.87,4133546,5275634,1,True
LAO,Laos,Other,15.4,14.91,-0.49,1196553,1454826,2,False
LAO,Laos,Khmou,11.0,10.65,-0.35,854681,1039161,3,False
LAO,Laos,Hmong,9.2,9.53,0.33,714824,929607,4,False
LAO,Laos,Phouthay (Lao Tai),3.4,3.29,-0.11,264174,321195,5,False
LAO,Laos,Tai,3.1,3.0,-0.1,240865,292855,6,False
LAO,Laos,Makong,2.5,2.42,-0.08,194246,236173,7,False
LAO,Laos,Katong (Lao Theung),2.2,2.13,-0.07,170936,207832,8,False
LBN,Lebanon,Lebanese Arab (Muslim),60.0,62.17,2.17,3483577,4351680,1,True
LBN,Lebanon,Lebanese Arab (Christian),30.0,28.12,-1.88,1741789,1968115,2,False
LBN,Lebanon,Druze,5.0,4.97,-0.03,290298,347543,3,False
LBN,Lebanon,Armenian,4.0,3.75,-0.25,232238,262415,4,False
LBN,Lebanon,Other,1.0,0.99,-0.01,58060,69509,5,False
LBR,Liberia,Other,20.6,22.64,2.04,1156239,2017238,1,True
LBR,Liberia,Kpelle,20.3,19.78,-0.52,1139401,1762392,2,False
LBR,Liberia,Bassa,13.4,13.06,-0.34,752117,1163352,3,False
LBR,Liberia,Grebo,10.0,9.74,-0.26,561281,868173,4,False
LBR,Liberia,Gio,8.0,7.79,-0.21,449025,694539,5,False
LBR,Liberia,Mano,7.9,7.7,-0.2,443412,685857,6,False
LBR,Liberia,Kru,6.0,5.85,-0.15,336769,520904,7,False
LBR,Liberia,Lorma,4.8,4.68,-0.12,269415,416723,8,False
LBR,Liberia,Kissi,4.6,4.48,-0.12,258189,399360,9,False
LBR,Liberia,Gola,4.4,4.29,-0.11,246964,381996,10,False
LBY,Libya,Arab,93.0,93.11,0.11,6864357,8622306,1,True
LBY,Libya,Amazigh (Berber),4.0,3.89,-0.11,295241,360628,2,False
LBY,Libya,Tuareg/Tebu,2.0,1.95,-0.05,147621,180314,3,False
LBY,Libya,Other,1.0,1.05,0.05,73810,97362,4,False
LCA,Saint Lucia,Black/African descent,85.3,85.57,0.27,153328,147256,1,True
LCA,Saint Lucia,Mixed,10.9,10.61,-0.29,19593,18253,2,False
LCA,Saint Lucia,East Indian,2.2,2.14,-0.06,3955,3684,3,False
LCA,Saint Lucia,Other,1.6,1.68,0.08,2876,2893,4,False
LIE,Liechtenstein,Liechtensteiner,66.0,65.18,-0.82,26331,28043,1,True
LIE,Liechtenstein,Other,10.0,10.25,0.25,3990,4410,2,False
LIE,Liechtenstein,Swiss,9.0,9.22,0.22,3591,3969,3,False
LIE,Liechtenstein,Austrian / German,8.0,8.2,0.2,3192,3528,4,False
LIE,Liechtenstein,Italian,4.0,4.1,0.1,1596,1764,5,False
LIE,Liechtenstein,Turkish,3.0,3.05,0.05,1197,1310,6,False
LKA,Sri Lanka,Sinhalese,74.9,75.71,0.81,17304567,18786320,1,True
LKA,Sri Lanka,Sri Lankan Tamil,11.2,10.32,-0.88,2587599,2561358,2,False
LKA,Sri Lanka,Sri Lankan Moor (Muslim),9.2,9.61,0.41,2125528,2384354,3,False
LKA,Sri Lanka,Indian Tamil,4.2,3.87,-0.33,970350,960509,4,False
LKA,Sri Lanka,Malay,0.5,0.49,-0.01,115518,121152,5,False
LSO,Lesotho,Sotho (Basotho),99.7,99.68,-0.02,2330416,2983642,1,True
LSO,Lesotho,Other,0.3,0.32,0.02,7012,9446,2,False
LTU,Lithuania,Lithuanian,84.6,85.39,0.79,2418809,1928666,1,True
LTU,Lithuania,Polish,6.5,6.01,-0.49,185842,135645,2,False
LTU,Lithuania,Russian,5.0,4.62,-0.38,142956,104342,3,False
LTU,Lithuania,Other,2.9,3.07,0.17,82914,69245,4,False
LTU,Lithuania,Belarusian,1.0,0.92,-0.08,28591,20868,5,False
LUX,Luxembourg,Luxembourger,52.9,51.65,-1.25,356039,408819,1,True
LUX,Luxembourg,Portuguese,16.2,16.63,0.43,109033,131609,2,False
LUX,Luxembourg,Other,14.4,14.78,0.38,96918,116986,3,False
LUX,Luxembourg,French,7.4,7.6,0.2,49805,60118,4,False
LUX,Luxembourg,Italian,3.5,3.59,0.09,23556,28434,5,False
LUX,Luxembourg,Belgian,3.3,3.39,0.09,22210,26809,6,False
LUX,Luxembourg,German,2.3,2.36,0.06,15480,18685,7,False
LVA,Latvia,Latvian,62.7,64.31,1.61,1173665,973507,1,True
LVA,Latvia,Russian,24.5,22.77,-1.73,458609,344631,2,False
LVA,Latvia,Other,5.5,5.85,0.35,102953,88522,3,False
LVA,Latvia,Belarusian,3.1,2.88,-0.22,58028,43606,4,False
LVA,Latvia,Ukrainian,2.2,2.34,0.14,41181,35409,5,False
LVA,Latvia,Polish,2.0,1.86,-0.14,37437,28133,6,False
MAR,Morocco,Arab,55.0,56.16,1.16,20944647,24394188,1,True
MAR,Morocco,Amazigh (Berber),44.0,42.87,-1.13,16755717,18622994,2,False
MAR,Morocco,Other,1.0,0.97,-0.03,380812,423250,3,False
MDA,Moldova,Moldovan / Romanian,75.1,76.0,0.9,2279260,1787323,1,True
MDA,Moldova,Other,7.7,8.13,0.43,233692,191203,2,False
MDA,Moldova,Ukrainian,6.6,6.09,-0.51,200308,143235,3,False
MDA,Moldova,Gagauz,4.6,4.24,-0.36,139608,99831,4,False
MDA,Moldova,Russian,4.1,3.78,-0.32,124434,88979,5,False
MDA,Moldova,Bulgarian,1.9,1.75,-0.15,57664,41234,6,False
MDG,Madagascar,Merina,26.0,27.88,1.88,8310890,14827723,1,True
MDG,Madagascar,Other Malagasy,19.0,18.5,-0.5,6073342,9837987,2,False
MDG,Madagascar,Betsimisaraka,15.0,14.6,-0.4,4794744,7766832,3,False
MDG,Madagascar,Betsileo,12.0,11.68,-0.32,3835795,6213466,4,False
MDG,Madagascar,Tsimihety,7.0,6.81,-0.19,2237547,3624522,5,False
MDG,Madagascar,Sakalava,6.0,5.84,-0.16,1917898,3106733,6,False
MDG,Madagascar,Antandroy,5.0,4.87,-0.13,1598248,2588944,7,False
MDG,Madagascar,Antaisaka,5.0,4.87,-0.13,1598248,2588944,8,False
MDG,Madagascar,Antanosy,4.0,3.89,-0.11,1278598,2071155,9,False
MDG,Madagascar,Other (French/Chinese/Indian),1.0,1.05,0.05,319650,559168,10,False
MDV,Maldives,Maldivian,70.0,68.84,-1.16,369461,406127,1,True
MDV,Maldives,Bangladeshi expatriate,10.0,10.39,0.39,52780,61279,2,False
MDV,Maldives,Other,7.0,7.27,0.27,36946,42895,3,False
MDV,Maldives,Indian expatriate,6.0,6.23,0.23,31668,36767,4,False
MDV,Maldives,Chinese expatriate,5.0,5.19,0.19,26390,30639,5,False
MDV,Maldives,Sri Lankan expatriate,2.0,2.08,0.08,10556,12256,6,False
MEX,Mexico,Mestizo (Euro/Amerindian mix),62.0,62.92,0.92,81133821,93712856,1,True
MEX,Mexico,White (Spanish/European descent),10.0,9.0,-1.0,13086100,13401233,2,False
MEX,Mexico,Amerindian: Nahua,7.4,7.55,0.15,9683714,11238471,3,False
MEX,Mexico,Amerindian: Maya,6.5,6.63,0.13,8505965,9871630,4,False
MEX,Mexico,Other,5.5,5.24,-0.26,7197355,7809386,5,False
MEX,Mexico,Amerindian: Mixtec,2.4,2.45,0.05,3140664,3644910,6,False
MEX,Mexico,Amerindian: Zapotec,1.7,1.73,0.03,2224637,2581811,7,False
MEX,Mexico,Afro-Mexican,1.5,1.43,-0.07,1962915,2129833,8,False
MEX,Mexico,Amerindian: Otomi,1.1,1.12,0.02,1439471,1670584,9,False
MEX,Mexico,Other Amerindian,1.0,1.02,0.02,1308610,1518712,10,False
MEX,Mexico,Amerindian: Totonac,0.9,0.92,0.02,1177749,1366841,11,False
MHL,Marshall Islands,Marshallese,92.1,92.16,0.06,34604,23235,1,True
MHL,Marshall Islands,Mixed,5.9,5.74,-0.16,2217,1447,2,False
MHL,Marshall Islands,Other,2.0,2.1,0.1,751,530,3,False
MKD,North Macedonia,Macedonian,58.4,58.32,-0.08,1064638,882255,1,True
MKD,North Macedonia,Albanian,24.3,24.82,0.52,442992,375512,2,False
MKD,North Macedonia,Other,9.1,8.69,-0.41,165894,131473,3,False
MKD,North Macedonia,Turk,3.9,3.98,0.08,71097,60267,4,False
MKD,North Macedonia,Romani,2.5,2.55,0.05,45575,38633,5,False
MKD,North Macedonia,Serb,1.8,1.62,-0.18,32814,24545,6,False
MLI,Mali,Bambara,33.3,34.71,1.41,8151373,16019374,1,True
MLI,Mali,Fulani (Peulh),13.3,13.73,0.43,3255653,6339110,2,False
MLI,Mali,Sarakole,9.6,9.27,-0.33,2349945,4277860,3,False
MLI,Mali,Senufo,9.6,9.27,-0.33,2349945,4277860,4,False
MLI,Mali,Dogon,8.7,8.4,-0.3,2129638,3876811,5,False
MLI,Mali,Malinke,8.7,8.4,-0.3,2129638,3876811,6,False
MLI,Mali,Bobo,6.7,6.47,-0.23,1640066,2985590,7,False
MLI,Mali,Songhai,5.9,5.7,-0.2,1444237,2629102,8,False
MLI,Mali,Other,4.2,4.06,-0.14,1028101,1871564,9,False
MLT,Malta,Maltese,87.4,86.89,-0.51,471621,465473,1,True
MLT,Malta,Other,6.1,6.36,0.26,32916,34051,2,False
MLT,Malta,Other European,5.0,5.21,0.21,26981,27911,3,False
MLT,Malta,North African,1.5,1.55,0.05,8094,8293,4,False
MMR,Myanmar,Bamar,68.0,68.37,0.37,37060058,40082556,1,True
MMR,Myanmar,Shan,9.0,8.71,-0.29,4905008,5106379,2,False
MMR,Myanmar,Karen,7.0,6.77,-0.23,3815006,3971628,3,False
MMR,Myanmar,Rakhine,4.0,4.14,0.14,2180003,2427458,4,False
MMR,Myanmar,Chinese,3.0,3.14,0.14,1635003,1838151,5,False
MMR,Myanmar,Indian,2.0,2.09,0.09,1090002,1225434,6,False
MMR,Myanmar,Mon,2.0,1.94,-0.06,1090002,1134751,7,False
MMR,Myanmar,Chin,1.5,1.45,-0.05,817501,851063,8,False
MMR,Myanmar,Other,1.5,1.45,-0.05,817501,851063,9,False
MMR,Myanmar,Kachin,1.0,0.97,-0.03,545001,567375,10,False
MMR,Myanmar,Kayin,1.0,0.97,-0.03,545001,567375,11,False
MNE,Montenegro,Montenegrin,45.0,46.71,1.71,287316,249120,1,True
MNE,Montenegro,Serb,28.7,26.57,-2.13,183244,141692,2,False
MNE,Montenegro,Other,12.8,12.55,-0.25,81726,66955,3,False
MNE,Montenegro,Bosniak,8.6,9.02,0.42,54909,48116,4,False
MNE,Montenegro,Albanian,4.9,5.14,0.24,31286,27415,5,False
MNG,Mongolia,Khalkh,81.9,81.9,0.0,2846468,3686730,1,True
MNG,Mongolia,Other Mongol groups,4.0,3.87,-0.13,139022,174429,2,False
MNG,Mongolia,Other,4.0,4.18,0.18,139022,188368,3,False
MNG,Mongolia,Kazakh,3.8,3.94,0.14,132071,177240,4,False
MNG,Mongolia,Dorvod,2.7,2.62,-0.08,93840,117739,5,False
MNG,Mongolia,Bayad,1.9,1.84,-0.06,66035,82854,6,False
MNG,Mongolia,Buryat,1.7,1.65,-0.05,59084,74132,7,False
MOZ,Mozambique,Other,26.6,28.48,1.88,9212050,18096625,1,True
MOZ,Mozambique,Makhuwa,26.1,25.43,-0.67,9038891,16155805,2,False
MOZ,Mozambique,Tsonga,11.3,11.01,-0.29,3913390,6994659,3,False
MOZ,Mozambique,Lomwe,7.8,7.6,-0.2,2701278,4828172,4,False
MOZ,Mozambique,Sena,7.2,7.02,-0.18,2493487,4456774,5,False
MOZ,Mozambique,Shona,6.4,6.24,-0.16,2216433,3961577,6,False
MOZ,Mozambique,Nyanja,5.7,5.55,-0.15,1974011,3528279,7,False
MOZ,Mozambique,Chopi,3.4,3.31,-0.09,1177480,2104588,8,False
MOZ,Mozambique,Ngoni,3.0,2.92,-0.08,1038953,1856989,9,False
MOZ,Mozambique,Shona (Ndau),2.5,2.44,-0.06,865794,1547491,10,False
MRT,Mauritania,White Moor (Arab-Berber),40.0,40.73,0.73,2067761,3834984,1,True
MRT,Mauritania,Sub-Saharan Mauritanian (Pulaar/Wolof/Soninke),30.0,30.63,0.63,1550821,2884147,2,False
MRT,Mauritania,Black Moor (Haratin),25.0,23.87,-1.13,1292351,2247061,3,False
MRT,Mauritania,Other,5.0,4.77,-0.23,258470,449412,4,False
MUS,Mauritius,Indo-Mauritian,66.0,67.06,1.06,838973,742434,1,True
MUS,Mauritius,Creole (African/French),28.0,27.36,-0.64,355928,302897,2,False
MUS,Mauritius,Sino-Mauritian,3.0,2.77,-0.23,38135,30630,3,False
MUS,Mauritius,Franco-Mauritian,2.0,1.84,-0.16,25423,20420,4,False
MUS,Mauritius,Other,1.0,0.98,-0.02,12712,10818,5,False
MWI,Malawi,Chewa,34.3,35.99,1.69,7427764,13445352,1,True
MWI,Malawi,Lomwe,18.8,18.32,-0.48,4071194,6843636,2,False
MWI,Malawi,Yao,13.2,12.86,-0.34,2858498,4805106,3,False
MWI,Malawi,Ngoni,10.4,10.13,-0.27,2252150,3785841,4,False
MWI,Malawi,Tumbuka,9.2,8.96,-0.24,1992286,3349013,5,False
MWI,Malawi,Other,7.1,6.92,-0.18,1537525,2584565,6,False
MWI,Malawi,Sena,3.8,3.7,-0.1,822901,1383288,7,False
MWI,Malawi,Mang'anja,3.2,3.12,-0.08,692969,1164874,8,False
MYS,Malaysia,Bumiputera (Malay),57.9,60.79,2.89,20587891,26925686,1,True
MYS,Malaysia,Chinese,22.6,20.22,-2.38,8036033,8955282,2,False
MYS,Malaysia,Other Bumiputera (Dayak/Iban/Kadazan),10.1,10.24,0.14,3591325,4535477,3,False
MYS,Malaysia,Indian,6.8,6.08,-0.72,2417922,2694510,4,False
MYS,Malaysia,Other,2.6,2.66,0.06,924499,1178808,5,False
NAM,Namibia,Ovambo,50.0,51.39,1.39,1515064,2319088,1,True
NAM,Namibia,Other,11.0,10.74,-0.26,333314,484686,2,False
NAM,Namibia,Kavangos,9.0,8.79,-0.21,272711,396561,3,False
NAM,Namibia,Herero,7.0,6.84,-0.16,212109,308436,4,False
NAM,Namibia,Damara,7.0,6.84,-0.16,212109,308436,5,False
NAM,Namibia,Nama,5.0,4.88,-0.12,151506,220312,6,False
NAM,Namibia,Colored,4.0,3.91,-0.09,121205,176249,7,False
NAM,Namibia,White (Afrikaner/German),4.0,3.69,-0.31,121205,166348,8,False
NAM,Namibia,San (Bushmen),3.0,2.93,-0.07,90904,132187,9,False
NER,Niger,Hausa,53.1,55.59,2.49,14354213,29193769,1,True
NER,Niger,Songhai,21.2,19.78,-1.42,5730872,10388661,2,False
NER,Niger,Tuareg,10.4,9.7,-0.7,2811371,5096324,3,False
NER,Niger,Fulani (Peulh),9.9,9.88,-0.02,2676209,5188959,4,False
NER,Niger,Kanuri (Manga),4.4,4.11,-0.29,1189426,2156137,5,False
NER,Niger,Other,1.0,0.93,-0.07,270324,490031,6,False
NGA,Nigeria,Hausa,30.0,33.1,3.1,69803845,118887038,1,True
NGA,Nigeria,Other,20.5,19.48,-1.02,47699294,69955802,2,False
NGA,Nigeria,Yoruba,15.5,14.73,-0.77,36065320,52893412,3,False
NGA,Nigeria,Igbo,15.2,14.44,-0.76,35367281,51869668,4,False
NGA,Nigeria,Fulani,6.0,6.1,0.1,13960769,21899916,5,False
NGA,Nigeria,Tiv,2.4,2.28,-0.12,5584308,8189948,6,False
NGA,Nigeria,Kanuri,2.4,2.28,-0.12,5584308,8189948,7,False
NGA,Nigeria,Ibibio,1.8,1.71,-0.09,4188231,6142461,8,False
NGA,Nigeria,Ijaw (Izon),1.8,1.71,-0.09,4188231,6142461,9,False
NGA,Nigeria,Esan,1.0,0.95,-0.05,2326795,3412478,10,False
NGA,Nigeria,Bini (Edo),1.0,0.95,-0.05,2326795,3412478,11,False
NGA,Nigeria,Nupe,0.9,0.86,-0.04,2094115,3071230,12,False
NGA,Nigeria,Urhobo,0.8,0.76,-0.04,1861436,2729983,13,False
NGA,Nigeria,Igala,0.7,0.67,-0.03,1628756,2388735,14,False
NIC,Nicaragua,Mestizo,69.0,70.21,1.21,4772134,6147765,1,True
NIC,Nicaragua,White,17.0,15.73,-1.27,1175743,1377163,2,False
NIC,Nicaragua,Black (Creole),5.0,4.9,-0.1,345807,429157,3,False
NIC,Nicaragua,Miskito (Amerindian),4.0,4.19,0.19,276645,367221,4,False
NIC,Nicaragua,Other,4.0,3.92,-0.08,276645,343325,5,False
NIC,Nicaragua,Other Amerindian,1.0,1.05,0.05,69161,91805,6,False
NLD,Netherlands,Dutch,75.4,75.05,-0.35,13744470,14229169,1,True
NLD,Netherlands,Other,7.2,7.42,0.22,1312469,1407626,2,False
NLD,Netherlands,Other EU,6.4,6.6,0.2,1166639,1251223,3,False
NLD,Netherlands,Turkish,2.4,2.45,0.05,437490,464727,4,False
NLD,Netherlands,Moroccan,2.3,2.35,0.05,419261,445363,5,False
NLD,Netherlands,Surinamese,2.1,2.01,-0.09,382804,380176,6,False
NLD,Netherlands,Indonesian,2.0,1.91,-0.09,364575,362072,7,False
NLD,Netherlands,Antillean/Aruban,0.7,0.67,-0.03,127601,126725,8,False
NLD,Netherlands,Syrian,0.6,0.61,0.01,109372,116182,9,False
NLD,Netherlands,Chinese,0.5,0.52,0.02,91144,97752,10,False
NLD,Netherlands,Iraqi,0.4,0.41,0.01,72915,77454,11,False
NOR,Norway,Norwegian,81.5,80.85,-0.65,4544975,4769832,1,True
NOR,Norway,Other Nordic/European,5.9,6.12,0.22,329023,361123,2,False
NOR,Norway,Other,4.4,4.56,0.16,245373,269312,3,False
NOR,Norway,Polish,2.1,2.18,0.08,117110,128535,4,False
NOR,Norway,Syrian,1.1,1.13,0.03,61343,66685,5,False
NOR,Norway,Swedish,1.0,1.04,0.04,55767,61207,6,False
NOR,Norway,Pakistani,0.9,0.92,0.02,50190,54560,7,False
NOR,Norway,Iraqi,0.8,0.82,0.02,44613,48498,8,False
NOR,Norway,Somali,0.7,0.72,0.02,39037,42436,9,False
NOR,Norway,Filipino,0.6,0.62,0.02,33460,36724,10,False
NOR,Norway,Eritrean,0.5,0.51,0.01,27883,30311,11,False
NOR,Norway,Vietnamese,0.5,0.52,0.02,27883,30604,12,False
NPL,Nepal,Other,19.8,21.65,1.85,5870909,7500356,1,True
NPL,Nepal,Chhetri,16.6,16.01,-0.59,4922075,5545661,2,False
NPL,Nepal,Bahun,12.2,11.77,-0.43,3617429,4075727,3,False
NPL,Nepal,Magar,7.1,6.85,-0.25,2105225,2371939,4,False
NPL,Nepal,Tharu,6.6,6.81,0.21,1956970,2358362,5,False
NPL,Nepal,Tamang,5.8,5.59,-0.21,1719761,1937640,6,False
NPL,Nepal,Newar,5.0,4.82,-0.18,1482553,1670380,7,False
NPL,Nepal,Kami (Dalit),4.8,4.63,-0.17,1423251,1603565,8,False
NPL,Nepal,Muslim (Madhesi),4.4,4.54,0.14,1304646,1572241,9,False
NPL,Nepal,Yadav,4.0,4.13,0.13,1186042,1429310,10,False
NPL,Nepal,Rai,2.3,2.22,-0.08,681974,768375,11,False
NPL,Nepal,Gurung,2.0,1.93,-0.07,593021,668152,12,False
NPL,Nepal,Damai/Dholi,1.8,1.74,-0.06,533719,601337,13,False
NPL,Nepal,Thakuri,1.6,1.54,-0.06,474417,534522,14,False
NPL,Nepal,Limbu,1.5,1.45,-0.05,444766,501114,15,False
NPL,Nepal,Sarki,1.4,1.35,-0.05,415115,467706,16,False
NPL,Nepal,Teli,1.1,1.06,-0.04,326162,367484,17,False
NPL,Nepal,Chamar,1.0,0.96,-0.04,296511,334076,18,False
NPL,Nepal,Koiri,1.0,0.96,-0.04,296511,334076,19,False
NRU,Nauru,Nauruan,88.0,88.03,0.03,10532,13891,1,True
NRU,Nauru,Other Pacific Islander,8.0,7.77,-0.23,957,1226,2,False
NRU,Nauru,Chinese / Asian,4.0,4.2,0.2,479,662,3,False
NZL,New Zealand,European,59.0,58.59,-0.41,3076226,3372244,1,True
NZL,New Zealand,Maori,15.6,15.71,0.11,813375,904281,2,False
NZL,New Zealand,Asian,13.4,13.73,0.33,698668,790287,3,False
NZL,New Zealand,Pacific peoples,7.7,7.76,0.06,401474,446344,4,False
NZL,New Zealand,Other,2.4,2.26,-0.14,125135,130067,5,False
NZL,New Zealand,MELAA (ME/LatAm/African),1.9,1.95,0.05,99065,112056,6,False
OMN,Oman,Omani,55.6,56.13,0.53,2936537,4393601,1,True
OMN,Oman,Indian,14.8,14.62,-0.18,781668,1144466,2,False
OMN,Oman,Other foreign,9.1,8.99,-0.11,480620,703692,3,False
OMN,Oman,Bangladeshi,6.0,5.93,-0.07,316893,463973,4,False
OMN,Oman,Pakistani,5.0,4.94,-0.06,264077,386644,5,False
OMN,Oman,Filipino,3.0,2.96,-0.04,158446,231986,6,False
OMN,Oman,Egyptian,3.0,2.96,-0.04,158446,231986,7,False
OMN,Oman,Sri Lankan,2.0,1.98,-0.02,105631,154658,8,False
OMN,Oman,Nepali,1.5,1.48,-0.02,79223,115993,9,False
PAK,Pakistan,Punjabi,44.7,45.65,0.95,112317315,169762202,1,True
PAK,Pakistan,Pashtun,15.4,15.88,0.48,38695451,59054037,2,False
PAK,Pakistan,Sindhi,14.1,13.59,-0.51,35428952,50550642,3,False
PAK,Pakistan,Saraiki,8.4,8.1,-0.3,21106609,30115276,4,False
PAK,Pakistan,Muhajir (Urdu-speaking),7.6,7.33,-0.27,19096456,27247154,5,False
PAK,Pakistan,Baloch,3.6,3.47,-0.13,9045690,12906547,6,False
PAK,Pakistan,Hindko,2.4,2.31,-0.09,6030460,8604365,7,False
PAK,Pakistan,Other,1.6,1.54,-0.06,4020307,5736243,8,False
PAK,Pakistan,Brahui,1.2,1.16,-0.04,3015230,4302182,9,False
PAK,Pakistan,Pahari-Potwari,1.0,0.96,-0.04,2512692,3585152,10,False
PAN,Panama,Mestizo,65.0,65.59,0.59,2935124,3693419,1,True
PAN,Panama,Indigenous (Ngabe/Guna),12.3,12.76,0.46,555416,718349,2,False
PAN,Panama,West Indian (Antillean),9.2,8.92,-0.28,415433,502339,3,False
PAN,Panama,Other,6.8,6.59,-0.21,307059,371294,4,False
PAN,Panama,White,6.7,6.13,-0.57,302544,345282,5,False
PER,Peru,Mestizo,60.2,60.37,0.17,20599146,24500140,1,True
PER,Peru,Quechua,16.5,16.95,0.45,5645945,6878892,2,False
PER,Peru,White,5.9,5.35,-0.55,2018853,2170480,3,False
PER,Peru,Other Amerindian (Amazonian),5.3,5.44,0.14,1813546,2209583,4,False
PER,Peru,Other,4.5,4.32,-0.18,1539803,1753984,5,False
PER,Peru,Aymara,4.0,4.11,0.11,1368714,1667610,6,False
PER,Peru,Afro-Peruvian,3.6,3.46,-0.14,1231843,1403188,7,False
PHL,Philippines,Tagalog,28.1,30.21,2.11,32552069,40597277,1,True
PHL,Philippines,Other,22.9,22.12,-0.78,26528199,29723646,2,False
PHL,Philippines,Cebuano,13.1,12.65,-0.45,15175520,17003483,3,False
PHL,Philippines,Ilocano,9.0,8.69,-0.31,10425930,11681782,4,False
PHL,Philippines,Hiligaynon (Ilonggo),7.6,7.34,-0.26,8804118,9864616,5,False
PHL,Philippines,Bicolano,6.0,5.8,-0.2,6950620,7787855,6,False
PHL,Philippines,Muslim (Moro/Bangsamoro),5.0,5.17,0.17,5792183,6941573,7,False
PHL,Philippines,Waray,3.4,3.28,-0.12,3938685,4413118,8,False
PHL,Philippines,Kapampangan,3.4,3.28,-0.12,3938685,4413118,9,False
PHL,Philippines,Pangasinan,1.5,1.45,-0.05,1737655,1946964,10,False
PLW,Palau,Palauan,66.3,65.46,-0.84,11748,10171,1,True
PLW,Palau,Other,15.4,15.78,0.38,2729,2452,2,False
PLW,Palau,Filipino,12.6,12.91,0.31,2233,2006,3,False
PLW,Palau,Chinese,5.7,5.84,0.14,1010,908,4,False
PNG,Papua New Guinea,Papuan / Melanesian,84.0,83.76,-0.24,8884268,12485843,1,True
PNG,Papua New Guinea,Other,9.6,10.02,0.42,1015345,1493905,2,False
PNG,Papua New Guinea,Other Pacific Islander,6.0,5.8,-0.2,634591,864597,3,False
PNG,Papua New Guinea,Chinese,0.2,0.21,0.01,21153,31123,4,False
PNG,Papua New Guinea,European,0.2,0.21,0.01,21153,31123,5,False
POL,Poland,Polish,96.9,96.85,-0.05,37344494,31781931,1,True
POL,Poland,Ukrainian,1.2,1.26,0.06,462471,413775,2,False
POL,Poland,Silesian,1.1,1.07,-0.03,423931,351226,3,False
POL,Poland,Other,0.6,0.63,0.03,231235,206888,4,False
POL,Poland,German,0.2,0.18,-0.02,77078,60272,5,False
PRT,Portugal,Portuguese,89.0,88.55,-0.45,9278509,8651610,1,True
PRT,Portugal,Brazilian,4.2,4.38,0.18,437862,428166,2,False
PRT,Portugal,African (PALOP - Angolan/Cape Verdean),2.8,2.89,0.09,291908,282717,3,False
PRT,Portugal,Other EU (UK/French/Italian),1.5,1.57,0.07,156379,152916,4,False
PRT,Portugal,Other,1.4,1.46,0.06,145954,142722,5,False
PRT,Portugal,Chinese,0.5,0.52,0.02,52126,50972,6,False
PRT,Portugal,Nepali,0.3,0.31,0.01,31276,30583,7,False
PRT,Portugal,Ukrainian,0.3,0.31,0.01,31276,30583,8,False
PRY,Paraguay,Mestizo,95.0,95.16,0.16,6582694,8221888,1,True
PRY,Paraguay,White,3.0,2.76,-0.24,207875,238439,2,False
PRY,Paraguay,Indigenous (Guarani),2.0,2.08,0.08,138583,180143,3,False
PSE,Palestine,Palestinian Arab (Sunni Muslim),97.0,97.34,0.34,5330584,8226803,1,True
PSE,Palestine,Palestinian Christian,1.5,1.29,-0.21,82432,109294,2,False
PSE,Palestine,Other,1.0,0.91,-0.09,54954,77199,3,False
PSE,Palestine,Druze,0.5,0.46,-0.04,27477,38600,4,False
QAT,Qatar,Other foreign,23.1,25.22,2.12,704187,1050355,1,True
QAT,Qatar,Indian,17.4,17.06,-0.34,530427,710420,2,False
QAT,Qatar,Bangladeshi,13.5,13.24,-0.26,411538,551188,3,False
QAT,Qatar,Qatari,11.6,10.76,-0.84,353618,447993,4,False
QAT,Qatar,Egyptian,8.5,8.33,-0.17,259116,347044,5,False
QAT,Qatar,Nepali,7.6,7.45,-0.15,231681,310298,6,False
QAT,Qatar,Filipino,7.3,7.16,-0.14,222535,298050,7,False
QAT,Qatar,Sri Lankan,4.0,3.92,-0.08,121937,163315,8,False
QAT,Qatar,Pakistani,4.0,3.92,-0.08,121937,163315,9,False
QAT,Qatar,Other Arab,3.0,2.94,-0.06,91453,122486,10,False
ROU,Romania,Romanian,89.3,89.57,0.27,16980481,14355901,1,True
ROU,Romania,Hungarian,6.0,5.52,-0.48,1140906,884279,2,False
ROU,Romania,Romani,3.4,3.54,0.14,646513,567869,3,False
ROU,Romania,Other,1.3,1.37,0.07,247196,219220,4,False
RUS,Russia,Russian,80.9,80.59,-0.31,117159721,109704759,1,True
RUS,Russia,Other,10.7,11.04,0.34,15495785,15027271,2,False
RUS,Russia,Tatar,3.9,4.02,0.12,5647996,5477230,3,False
RUS,Russia,Ukrainian,1.4,1.27,-0.13,2027486,1734977,4,False
RUS,Russia,Bashkir,1.1,1.13,0.03,1593025,1544860,5,False
RUS,Russia,Chechen,1.0,1.03,0.03,1448204,1404418,6,False
RUS,Russia,Chuvash,1.0,0.91,-0.09,1448204,1239269,7,False
RWA,Rwanda,Hutu,85.0,85.39,0.39,12118087,19389182,1,True
RWA,Rwanda,Tutsi,14.0,13.64,-0.36,1995920,3097475,2,False
RWA,Rwanda,Twa,1.0,0.97,-0.03,142566,221248,3,False
SAU,Saudi Arabia,Saudi Arab,58.4,58.87,0.47,19834247,28078262,1,True
SAU,Saudi Arabia,Other foreign,16.7,16.51,-0.19,5671779,7874552,2,False
SAU,Saudi Arabia,Bangladeshi,4.8,4.75,-0.05,1630212,2263344,3,False
SAU,Saudi Arabia,Indian,4.4,4.35,-0.05,1494361,2074732,4,False
SAU,Saudi Arabia,Pakistani,3.9,3.86,-0.04,1324547,1838967,5,False
SAU,Saudi Arabia,Filipino,2.7,2.67,-0.03,916994,1273131,6,False
SAU,Saudi Arabia,Egyptian,2.4,2.37,-0.03,815106,1131672,7,False
SAU,Saudi Arabia,Yemeni,2.2,2.18,-0.02,747181,1037366,8,False
SAU,Saudi Arabia,Sudanese,1.5,1.48,-0.02,509441,707295,9,False
SAU,Saudi Arabia,Syrian,1.2,1.19,-0.01,407553,565836,10,False
SAU,Saudi Arabia,Nepali,1.0,0.99,-0.01,339628,471530,11,False
SAU,Saudi Arabia,Sri Lankan,0.8,0.79,-0.01,271702,377224,12,False
SDN,Sudan,Sudanese Arab,70.0,70.7,0.7,35314272,60239940,1,True
SDN,Sudan,Beja,6.0,5.84,-0.16,3026938,4975972,2,False
SDN,Sudan,Fur,5.0,4.87,-0.13,2522448,4146643,3,False
SDN,Sudan,Nubian,5.0,4.87,-0.13,2522448,4146643,4,False
SDN,Sudan,Other,5.0,4.87,-0.13,2522448,4146643,5,False
SDN,Sudan,Zaghawa,3.0,2.92,-0.08,1513469,2487986,6,False
SDN,Sudan,Nuba,2.5,2.43,-0.07,1261224,2073322,7,False
SDN,Sudan,Masalit,2.0,1.95,-0.05,1008979,1658657,8,False
SDN,Sudan,Fellata (Fulani),1.5,1.56,0.06,756734,1330575,9,False
SEN,Senegal,Wolof,39.7,41.25,1.55,7345289,12525045,1,True
SEN,Senegal,Pular (Fula),27.5,26.79,-0.71,5088047,8135945,2,False
SEN,Senegal,Serer,16.0,15.59,-0.41,2960318,4733641,3,False
SEN,Senegal,Other,5.3,5.16,-0.14,980605,1568018,4,False
SEN,Senegal,Mandinka,4.9,4.77,-0.13,906597,1449677,5,False
SEN,Senegal,Jola,4.2,4.09,-0.11,777083,1242581,6,False
SEN,Senegal,Soninke,2.4,2.34,-0.06,444048,710046,7,False
SGP,Singapore,Chinese,74.3,74.06,-0.24,4333464,4504314,1,True
SGP,Singapore,Malay,13.5,13.9,0.4,787372,845185,2,False
SGP,Singapore,Indian,9.0,8.66,-0.34,524915,526792,3,False
SGP,Singapore,Other,3.2,3.38,0.18,186636,205401,4,False
SLB,Solomon Islands,Melanesian,95.3,95.39,0.09,780703,1248775,1,True
SLB,Solomon Islands,Polynesian,3.1,3.02,-0.08,25395,39528,2,False
SLB,Solomon Islands,Micronesian,1.2,1.17,-0.03,9830,15301,3,False
SLB,Solomon Islands,Other,0.4,0.42,0.02,3277,5508,4,False
SLE,Sierra Leone,Temne,35.5,37.16,1.66,3067920,4811108,1,True
SLE,Sierra Leone,Mende,33.2,32.35,-0.85,2869154,4188462,2,False
SLE,Sierra Leone,Other,11.6,11.3,-0.3,1002475,1463438,3,False
SLE,Sierra Leone,Limba,6.4,6.24,-0.16,553090,807414,4,False
SLE,Sierra Leone,Kono,4.4,4.29,-0.11,380249,555097,5,False
SLE,Sierra Leone,Krio (Creole),3.4,3.31,-0.09,293829,428939,6,False
SLE,Sierra Leone,Koranko,2.9,2.83,-0.07,250619,365860,7,False
SLE,Sierra Leone,Sherbro,2.6,2.53,-0.07,224693,328012,8,False
SLV,El Salvador,Mestizo,86.3,87.25,0.95,5469864,5813444,1,True
SLV,El Salvador,White,12.7,11.76,-0.94,804951,783619,2,False
SLV,El Salvador,Other,0.8,0.78,-0.02,50706,52300,3,False
SLV,El Salvador,Indigenous (Nahua-Pipil),0.2,0.21,0.01,12676,13985,4,False
SMR,San Marino,Sammarinese,84.0,83.38,-0.62,28229,28113,1,True
SMR,San Marino,Italian,12.0,12.47,0.47,4033,4204,2,False
SMR,San Marino,Other,4.0,4.16,0.16,1344,1401,3,False
SOM,Somalia,Somali (Hawiye/Darood),85.0,85.39,0.39,16157782,31768839,1,True
SOM,Somalia,Other,10.0,9.74,-0.26,1900916,3625114,2,False
SOM,Somalia,Bantu (Jareer),5.0,4.87,-0.13,950458,1812557,3,False
SRB,Serbia,Serb,80.6,80.99,0.39,5429391,4480871,1,True
SRB,Serbia,Other,12.3,11.97,-0.33,828555,662138,2,False
SRB,Serbia,Hungarian,2.8,2.57,-0.23,188614,142263,3,False
SRB,Serbia,Bosniak,2.3,2.39,0.09,154933,132432,4,False
SRB,Serbia,Romani,2.0,2.08,0.08,134724,115158,5,False
SSD,South Sudan,Dinka,35.8,38.61,2.81,4275741,7081708,1,True
SSD,South Sudan,Other (60+ groups),26.9,25.3,-1.6,3212777,4639621,2,False
SSD,South Sudan,Nuer,15.6,15.69,0.09,1863172,2877903,3,False
SSD,South Sudan,Shilluk,5.7,5.36,-0.34,680774,983117,4,False
SSD,South Sudan,Azande,4.6,4.33,-0.27,549397,793392,5,False
SSD,South Sudan,Bari,3.4,3.2,-0.2,406076,586421,6,False
SSD,South Sudan,Lotuko,3.0,2.82,-0.18,358302,517430,7,False
SSD,South Sudan,Murle,2.5,2.35,-0.15,298585,431192,8,False
SSD,South Sudan,Zande,2.5,2.35,-0.15,298585,431192,9,False
STP,Sao Tome & Principe,Mestico (Forros),44.9,46.2,1.3,105761,168680,1,True
STP,Sao Tome & Principe,Other African,20.0,19.44,-0.56,47110,70965,2,False
STP,Sao Tome & Principe,Angolares,15.0,14.58,-0.42,35332,53223,3,False
STP,Sao Tome & Principe,Tongas (mixed),10.0,9.72,-0.28,23555,35482,4,False
STP,Sao Tome & Principe,Other,6.1,6.4,0.3,14368,23374,5,False
STP,Sao Tome & Principe,European descent,4.0,3.67,-0.33,9422,13396,6,False
SUR,Suriname,Hindustani (East Indian),27.4,28.69,1.29,173836,210547,1,True
SUR,Suriname,Maroon (Ndyuka/Saramaka),21.7,22.15,0.45,137673,162530,2,False
SUR,Suriname,Creole,15.7,14.98,-0.72,99607,109939,3,False
SUR,Suriname,Javanese,13.7,13.07,-0.63,86918,95934,4,False
SUR,Suriname,Mixed,13.1,12.5,-0.6,83111,91732,5,False
SUR,Suriname,Other,4.3,4.43,0.13,27281,32517,6,False
SUR,Suriname,Amerindian,4.1,4.18,0.08,26012,30708,7,False
SVK,Slovakia,Slovak,80.7,80.97,0.27,4443955,3997151,1,True
SVK,Slovakia,Hungarian,8.5,7.79,-0.71,468075,384777,2,False
SVK,Slovakia,Other,7.2,7.55,0.35,396487,372925,3,False
SVK,Slovakia,Romani,2.0,2.08,0.08,110135,102601,4,False
SVK,Slovakia,Rusyn / Ukrainian,1.0,0.97,-0.03,55068,47962,5,False
SVK,Slovakia,Czech,0.6,0.63,0.03,33041,31077,6,False
SVN,Slovenia,Slovene,83.1,82.58,-0.52,1760633,1636273,1,True
SVN,Slovenia,Other,12.0,12.48,0.48,254243,247272,2,False
SVN,Slovenia,Serb,2.0,2.08,0.08,42374,41212,3,False
SVN,Slovenia,Croat,1.8,1.73,-0.07,38136,34346,4,False
SVN,Slovenia,Bosniak,1.1,1.13,0.03,23306,22450,5,False
SWE,Sweden,Swedish,78.0,77.29,-0.71,8273455,8741050,1,True
SWE,Sweden,Other Nordic/European,4.5,4.66,0.16,477315,526626,2,False
SWE,Sweden,Other,4.5,4.66,0.16,477315,526626,3,False
SWE,Sweden,South/East Asian,3.3,3.41,0.11,350031,386193,4,False
SWE,Sweden,Finnish,2.0,2.07,0.07,212140,234056,5,False
SWE,Sweden,Syrian,1.8,1.84,0.04,190926,208639,6,False
SWE,Sweden,Iraqi,1.4,1.43,0.03,148498,162274,7,False
SWE,Sweden,Polish,1.3,1.35,0.05,137891,152137,8,False
SWE,Sweden,Iranian,1.0,1.03,0.03,106070,117028,9,False
SWE,Sweden,Somalian,0.7,0.72,0.02,74249,81137,10,False
SWE,Sweden,Turkish,0.6,0.61,0.01,63642,69546,11,False
SWE,Sweden,Afghan,0.5,0.51,0.01,53035,57955,12,False
SWE,Sweden,Eritrean,0.4,0.41,0.01,42428,46364,13,False
SWZ,Eswatini,Swazi (Emaswati),84.3,84.7,0.4,1047705,1275069,1,True
SWZ,Eswatini,Zulu,9.9,9.65,-0.25,123040,145202,2,False
SWZ,Eswatini,Other,3.8,3.7,-0.1,47228,55734,3,False
SWZ,Eswatini,Tsonga,2.0,1.95,-0.05,24857,29334,4,False
SYC,Seychelles,Seychellois Creole (mixed),76.0,76.78,0.78,99131,108845,1,True
SYC,Seychelles,Other African,10.0,9.76,-0.24,13044,13842,2,False
SYC,Seychelles,Indian,6.0,5.86,-0.14,7826,8305,3,False
SYC,Seychelles,French/Chinese,4.0,3.69,-0.31,5217,5226,4,False
SYC,Seychelles,Other,4.0,3.91,-0.09,5217,5537,5,False
SYR,Syria,Syrian Arab,80.0,81.01,1.01,19738206,30616607,1,True
SYR,Syria,Kurdish,9.5,9.31,-0.19,2343912,3520182,2,False
SYR,Syria,Other,6.5,5.96,-0.54,1603729,2251820,3,False
SYR,Syria,Turkmen,2.0,1.96,-0.04,493455,741091,4,False
SYR,Syria,Armenian,1.0,0.87,-0.13,246728,326972,5,False
SYR,Syria,Assyrian,0.5,0.43,-0.07,123364,163486,6,False
SYR,Syria,Circassian,0.5,0.46,-0.04,123364,173217,7,False
TCD,Chad,Sara,27.7,29.15,1.45,5622859,11327305,1,True
TCD,Chad,Arab,12.3,12.63,0.33,2496793,4908914,2,False
TCD,Chad,Mayo-Kebbi,11.5,11.04,-0.46,2334400,4290983,3,False
TCD,Chad,Other,11.3,10.85,-0.45,2293802,4216358,4,False
TCD,Chad,Kanem-Bornou,9.0,9.24,0.24,1826922,3591888,5,False
TCD,Chad,Ouaddai,8.7,8.35,-0.35,1766024,3246222,6,False
TCD,Chad,Hadjarai,6.7,6.43,-0.27,1360042,2499964,7,False
TCD,Chad,Tandjile,6.5,6.24,-0.26,1319444,2425338,8,False
TCD,Chad,Gorane (Toubou),6.3,6.05,-0.25,1278845,2350713,9,False
TGO,Togo,Adja-Ewe/Mina,42.4,43.88,1.48,3564379,6125522,1,True
TGO,Togo,Kabye/Tem,25.9,25.23,-0.67,2177297,3522805,2,False
TGO,Togo,Akan-Peul/Gurma,17.1,16.66,-0.44,1437521,2325867,3,False
TGO,Togo,Other,10.6,10.33,-0.27,891095,1441766,4,False
TGO,Togo,Akposso/Ake,4.0,3.9,-0.1,336262,544062,5,False
THA,Thailand,Central Thai,36.0,37.57,1.57,25800484,24939220,1,True
THA,Thailand,Isan (Thai-Lao),33.0,32.09,-0.91,23650443,21299820,2,False
THA,Thailand,Northern Thai (Lanna),13.0,12.64,-0.36,9316841,8390838,3,False
THA,Thailand,Thai Chinese,10.0,9.72,-0.28,7166801,6454491,4,False
THA,Thailand,Southern Thai,4.0,3.89,-0.11,2866720,2581796,5,False
THA,Thailand,Malay (Muslim),3.0,3.12,0.12,2150040,2071117,6,False
THA,Thailand,Other,1.0,0.97,-0.03,716680,645449,7,False
TJK,Tajikistan,Tajik,84.3,84.69,0.39,8928154,13189670,1,True
TJK,Tajikistan,Uzbek,13.8,13.44,-0.36,1461548,2093702,2,False
TJK,Tajikistan,Kyrgyz,0.8,0.78,-0.02,84727,121374,3,False
TJK,Tajikistan,Other,0.6,0.63,0.03,63546,98305,4,False
TJK,Tajikistan,Russian,0.5,0.46,-0.04,52955,71597,5,False
TKM,Turkmenistan,Turkmen,85.0,85.57,0.57,6370320,8248892,1,True
TKM,Turkmenistan,Other,6.0,5.86,-0.14,449670,564786,2,False
TKM,Turkmenistan,Uzbek,5.0,4.88,-0.12,374725,470655,3,False
TKM,Turkmenistan,Russian,4.0,3.69,-0.31,299780,355372,4,False
TLS,Timor-Leste,Tetum (Austronesian),30.0,31.58,1.58,420191,596701,1,True
TLS,Timor-Leste,Other Austronesian,20.0,19.35,-0.65,280128,365557,2,False
TLS,Timor-Leste,Mambai,15.0,14.51,-0.49,210096,274168,3,False
TLS,Timor-Leste,Makasae,10.0,9.67,-0.33,140064,182778,4,False
TLS,Timor-Leste,Tokodede,8.0,7.74,-0.26,112051,146223,5,False
TLS,Timor-Leste,Papuan (Fataluku/Bunak),8.0,8.28,0.28,112051,156400,6,False
TLS,Timor-Leste,Galoli,7.0,6.77,-0.23,98045,127945,7,False
TLS,Timor-Leste,Chinese,1.0,1.04,0.04,14006,19739,8,False
TLS,Timor-Leste,Other,1.0,1.04,0.04,14006,19739,9,False
TON,Tonga,Tongan,96.6,96.69,0.09,100649,101720,1,True
TON,Tonga,Part-Tongan / Other,3.4,3.31,-0.09,3543,3485,2,False
TTO,Trinidad & Tobago,East Indian,35.4,37.06,1.66,533753,518748,1,True
TTO,Trinidad & Tobago,African,34.2,33.32,-0.88,515660,466439,2,False
TTO,Trinidad & Tobago,Mixed,22.8,22.21,-0.59,343773,310959,3,False
TTO,Trinidad & Tobago,Other (incl. Chinese/Syrian),7.6,7.4,-0.2,114591,103653,4,False
TUN,Tunisia,Arab,97.0,97.08,0.08,11908790,12760912,1,True
TUN,Tunisia,Amazigh (Berber),2.0,1.95,-0.05,245542,256152,2,False
TUN,Tunisia,Other,1.0,0.97,-0.03,122771,128076,3,False
TUR,Turkey,Turkish,70.0,69.7,-0.3,61231660,63610810,1,True
TUR,Turkey,Kurdish (Kurmanji),19.0,19.5,0.5,16620022,17791641,2,False
TUR,Turkey,Other,5.5,5.28,-0.22,4811059,4815083,3,False
TUR,Turkey,Arab,2.2,2.26,0.06,1924424,2060085,4,False
TUR,Turkey,Zaza,1.5,1.54,0.04,1312107,1404603,5,False
TUR,Turkey,Circassian,1.0,0.96,-0.04,874738,875470,6,False
TUR,Turkey,Bosniak/Albanian,0.8,0.77,-0.03,699790,700376,7,False
TUV,Tuvalu,Tuvaluan,96.0,95.8,-0.2,9282,9391,1,True
TUV,Tuvalu,Other,4.0,4.2,0.2,387,411,2,False
TZA,Tanzania,Other,39.0,40.57,1.57,26738463,52582523,1,True
TZA,Tanzania,Sukuma,16.0,15.59,-0.41,10969626,20206838,2,False
TZA,Tanzania,Nyamwezi,5.2,5.07,-0.13,3565128,6567222,3,False
TZA,Tanzania,Chagga,4.8,4.68,-0.12,3290888,6062051,4,False
TZA,Tanzania,Njema,4.6,4.48,-0.12,3153767,5809466,5,False
TZA,Tanzania,Haya,4.5,4.38,-0.12,3085207,5683173,6,False
TZA,Tanzania,Hehe,4.2,4.09,-0.11,2879527,5304295,7,False
TZA,Tanzania,Makonde,4.0,3.9,-0.1,2742406,5051709,8,False
TZA,Tanzania,Ha,3.5,3.41,-0.09,2399606,4420246,9,False
TZA,Tanzania,Gogo,3.4,3.31,-0.09,2331046,4293953,10,False
TZA,Tanzania,Zaramo,3.1,3.02,-0.08,2125365,3915075,11,False
TZA,Tanzania,Nyakyusa,2.8,2.73,-0.07,1919685,3536197,12,False
TZA,Tanzania,Makua,2.7,2.63,-0.07,1851124,3409904,13,False
TZA,Tanzania,Luguru,2.2,2.14,-0.06,1508324,2778440,14,False
UGA,Uganda,Other,21.3,23.32,2.02,10653214,19923262,1,True
UGA,Uganda,Baganda,16.5,16.08,-0.42,8252490,13734193,2,False
UGA,Uganda,Banyankole,9.6,9.35,-0.25,4801449,7990803,3,False
UGA,Uganda,Basoga,8.8,8.57,-0.23,4401328,7324903,4,False
UGA,Uganda,Bakiga,7.1,6.92,-0.18,3551071,5909865,5,False
UGA,Uganda,Iteso,7.0,6.82,-0.18,3501056,5826627,6,False
UGA,Uganda,Langi,6.3,6.14,-0.16,3150951,5243965,7,False
UGA,Uganda,Acholi,4.7,4.58,-0.12,2350709,3912164,8,False
UGA,Uganda,Bagisu,4.6,4.48,-0.12,2300694,3828927,9,False
UGA,Uganda,Lugbara,4.2,4.09,-0.11,2100634,3495976,10,False
UGA,Uganda,Bunyoro,2.7,2.63,-0.07,1350407,2247413,11,False
UGA,Uganda,Batoro,2.7,2.63,-0.07,1350407,2247413,12,False
UGA,Uganda,Bafumbira,2.5,2.44,-0.06,1250377,2080938,13,False
UGA,Uganda,Karamojong,2.0,1.95,-0.05,1000302,1664751,14,False
UKR,Ukraine,Ukrainian,77.8,78.96,1.16,29455252,25259612,1,True
UKR,Ukraine,Russian,17.3,16.03,-1.27,6549818,5128375,2,False
UKR,Ukraine,Other,3.5,3.71,0.21,1325108,1187136,3,False
UKR,Ukraine,Romanian / Moldovan,0.8,0.74,-0.06,302882,237150,4,False
UKR,Ukraine,Belarusian,0.6,0.56,-0.04,227161,177863,5,False
URY,Uruguay,White (European),87.7,87.36,-0.34,2970033,2842943,1,True
URY,Uruguay,Other,4.8,4.92,0.12,162556,160031,2,False
URY,Uruguay,Black,4.6,4.71,0.11,155783,153363,3,False
URY,Uruguay,Indigenous,2.4,2.46,0.06,81278,80016,4,False
URY,Uruguay,Asian,0.5,0.55,0.05,16933,18002,5,False
USA,USA,White non-Hispanic,57.8,56.45,-1.35,199656555,214980372,1,True
USA,USA,Hispanic / Latino,18.7,19.77,1.07,64594768,75301081,2,False
USA,USA,Black / African American,12.4,12.26,-0.14,42832894,46683131,3,False
USA,USA,Asian,6.0,6.41,0.41,20725594,24393770,4,False
USA,USA,Multiracial,3.4,3.36,-0.04,11744503,12800213,5,False
USA,USA,Native American,1.1,1.16,0.06,3799692,4429475,6,False
USA,USA,Other,0.4,0.4,-0.0,1381706,1505907,7,False
USA,USA,Native Hawaiian / Pacific,0.2,0.2,-0.0,690853,752954,8,False
UZB,Uzbekistan,Uzbek,83.8,84.32,0.52,30471238,44025060,1,True
UZB,Uzbekistan,Tajik,4.8,4.68,-0.12,1745369,2444890,2,False
UZB,Uzbekistan,Other,4.4,4.29,-0.11,1599922,2241149,3,False
UZB,Uzbekistan,Kazakh,2.5,2.44,-0.06,909046,1273380,4,False
UZB,Uzbekistan,Russian,2.3,2.12,-0.18,836323,1105698,5,False
UZB,Uzbekistan,Karakalpak,2.2,2.15,-0.05,799961,1120574,6,False
VCT,St. Vincent & Grenadines,Black,66.0,67.02,1.02,66416,59612,1,True
VCT,St. Vincent & Grenadines,Mixed,19.0,18.55,-0.45,19120,16503,2,False
VCT,St. Vincent & Grenadines,East Indian,6.0,5.86,-0.14,6038,5211,3,False
VCT,St. Vincent & Grenadines,Other,5.0,4.88,-0.12,5032,4343,4,False
VCT,St. Vincent & Grenadines,European,4.0,3.69,-0.31,4025,3279,5,False
VEN,Venezuela,Mixed,50.0,54.03,4.03,14202772,16801355,1,True
VEN,Venezuela,White,42.0,38.1,-3.9,11930328,11848298,2,False
VEN,Venezuela,Black,2.8,2.69,-0.11,795355,836901,3,False
VEN,Venezuela,Indigenous,2.6,2.67,0.07,738544,831210,4,False
VEN,Venezuela,Other,2.6,2.5,-0.1,738544,777123,5,False
VNM,Vietnam,Kinh (Viet),85.3,85.11,-0.19,86142495,93625934,1,True
VNM,Vietnam,Other,4.8,4.65,-0.15,4847409,5110020,2,False
VNM,Vietnam,Tay,1.9,1.97,0.07,1918766,2163497,3,False
VNM,Vietnam,Thai,1.9,1.97,0.07,1918766,2163497,4,False
VNM,Vietnam,Muong,1.5,1.55,0.05,1514815,1708024,5,False
VNM,Vietnam,Khmer Krom,1.4,1.45,0.05,1413828,1594156,6,False
VNM,Vietnam,Hmong,1.4,1.45,0.05,1413828,1594156,7,False
VNM,Vietnam,Nung,1.0,1.04,0.04,1009877,1138683,8,False
VNM,Vietnam,Dao,0.8,0.83,0.03,807901,910946,9,False
VUT,Vanuatu,Ni-Vanuatu,97.6,97.48,-0.12,319919,520922,1,True
VUT,Vanuatu,Other (incl. Asian/European),2.4,2.52,0.12,7867,13469,2,False
WSM,Samoa,Samoan,96.0,95.8,-0.2,209310,261286,1,True
WSM,Samoa,Other,4.0,4.2,0.2,8721,11442,2,False
YEM,Yemen,Arab,95.0,95.31,0.31,38554014,67647280,1,True
YEM,Yemen,Other (incl. Ethiopian/Mahra),3.0,2.74,-0.26,1217495,1943373,2,False
YEM,Yemen,Somali (refugee/descendant),2.0,1.95,-0.05,811663,1385754,3,False
ZAF,South Africa,Black African,81.4,82.2,0.8,52101850,65087710,1,True
ZAF,South Africa,Colored (Mixed),8.2,8.02,-0.18,5248589,6351594,2,False
ZAF,South Africa,White (Afrikaner/English),7.3,6.74,-0.56,4672525,5336816,3,False
ZAF,South Africa,Indian/Asian,2.7,2.64,-0.06,1728194,2091378,4,False
ZAF,South Africa,Other,0.4,0.39,-0.01,256029,309834,5,False
ZMB,Zambia,Other,27.9,29.75,1.85,5946874,11330322,1,True
ZMB,Zambia,Bemba,21.0,20.46,-0.54,4476142,7792154,2,False
ZMB,Zambia,Tonga,13.6,13.25,-0.35,2898835,5046347,3,False
ZMB,Zambia,Chewa,7.4,7.21,-0.19,1577307,2745807,4,False
ZMB,Zambia,Lozi,5.5,5.36,-0.14,1172323,2040802,5,False
ZMB,Zambia,Nsenga,5.3,5.16,-0.14,1129693,1966591,6,False
ZMB,Zambia,Tumbuka,4.4,4.29,-0.11,937858,1632642,7,False
ZMB,Zambia,Ngoni,4.0,3.9,-0.1,852598,1484220,8,False
ZMB,Zambia,Lala,3.1,3.02,-0.08,660764,1150270,9,False
ZMB,Zambia,Kaonde,2.9,2.83,-0.07,618134,1076059,10,False
ZMB,Zambia,Lunda,2.7,2.63,-0.07,575504,1001848,11,False
ZMB,Zambia,Luvale,2.2,2.14,-0.06,468929,816321,12,False
ZWE,Zimbabwe,Shona,70.0,70.79,0.79,11644056,18309710,1,True
ZWE,Zimbabwe,Ndebele,20.0,19.49,-0.51,3326873,5041561,2,False
ZWE,Zimbabwe,Other Black African,4.9,4.78,-0.12,815084,1235182,3,False
ZWE,Zimbabwe,Kalanga,3.0,2.92,-0.08,499031,756234,4,False
ZWE,Zimbabwe,Tonga,1.5,1.46,-0.04,249515,378117,5,False
ZWE,Zimbabwe,White,0.4,0.37,-0.03,66537,95167,6,False
ZWE,Zimbabwe,Other,0.2,0.19,-0.01,33269,50416,7,False
