ISO3,Country,Group,Share_2024_pct,Share_2050_pct,Change_pp,Pop_2024,Pop_2050,Anchor
AFG,Afghanistan,Pashtun,42.0,42.3,0.3,17911951,32522273,True
AFG,Afghanistan,Tajik,27.0,25.56,-1.44,11514826,19652246,False
AFG,Afghanistan,Hazara,9.0,10.15,1.15,3838275,7805752,False
AFG,Afghanistan,Uzbek,9.0,9.37,0.37,3838275,7207413,False
AFG,Afghanistan,Aimaq,4.0,3.79,-0.21,1705900,2911444,False
AFG,Afghanistan,Turkmen,3.0,3.12,0.12,1279425,2402471,False
AFG,Afghanistan,Baloch,2.0,1.89,-0.11,852950,1455722,False
AFG,Afghanistan,Nuristani,1.0,0.95,-0.05,426475,727861,False
AFG,Afghanistan,Pashayi,1.0,0.95,-0.05,426475,727861,False
AFG,Afghanistan,Other,2.0,1.91,-0.09,852950,1472093,False
AGO,Angola,Ovimbundu,37.0,38.58,1.58,14017766,28661708,True
AGO,Angola,Kimbundu,25.0,24.33,-0.67,9471464,18077397,False
AGO,Angola,Bakongo,13.0,12.65,-0.35,4925161,9400246,False
AGO,Angola,Chokwe,4.4,4.28,-0.12,1666978,3181622,False
AGO,Angola,Mestico (mixed),2.0,1.95,-0.05,757717,1446192,False
AGO,Angola,European,1.0,0.89,-0.11,378859,658619,False
AGO,Angola,Other African,17.6,17.32,-0.28,6667910,12869614,False
ALB,Albania,Albanian (Gheg),55.0,55.44,0.44,1535466,1242028,True
ALB,Albania,Albanian (Tosk),27.6,26.54,-1.06,770525,594599,False
ALB,Albania,Greek,1.7,1.31,-0.39,47460,29361,False
ALB,Albania,Romani / Egyptian,1.0,1.34,0.34,27918,29932,False
ALB,Albania,Macedonian,0.2,0.19,-0.01,5584,4309,False
ALB,Albania,Other,14.5,15.17,0.67,404805,339942,False
AND,Andorra,Andorran,48.3,46.34,-1.96,39584,38096,True
AND,Andorra,Spanish,24.8,25.42,0.62,20325,20895,False
AND,Andorra,Portuguese,11.2,11.48,0.28,9179,9436,False
AND,Andorra,French,4.5,4.61,0.11,3688,3791,False
AND,Andorra,Other,11.2,12.16,0.96,9179,9995,False
ARE,UAE,Emirati,11.6,11.01,-0.59,1279148,1691885,False
ARE,UAE,Indian,25.8,27.34,1.54,2845001,4201241,True
ARE,UAE,Pakistani,11.8,11.33,-0.47,1301202,1741759,False
ARE,UAE,Bangladeshi,8.5,8.16,-0.34,937306,1254657,False
ARE,UAE,Filipino,6.1,5.86,-0.24,672655,900401,False
ARE,UAE,Egyptian,4.4,5.02,0.62,485194,772090,False
ARE,UAE,Nepali,3.0,2.88,-0.12,330814,442820,False
ARE,UAE,Jordanian/Palestinian,2.0,1.92,-0.08,220543,295213,False
ARE,UAE,Sri Lankan,2.0,1.92,-0.08,220543,295213,False
ARE,UAE,Other Arab,2.5,2.85,0.35,275678,438687,False
ARE,UAE,Iranian,1.5,1.71,0.21,165407,263212,False
ARE,UAE,Other foreign,20.8,19.98,-0.82,2293644,3070219,False
ARG,Argentina,Italian descent,35.0,35.14,0.14,15993654,16976479,True
ARG,Argentina,Spanish descent,30.0,27.54,-2.46,13708846,13306447,False
ARG,Argentina,Other European descent,20.0,17.52,-2.48,9139231,8462262,False
ARG,Argentina,Mestizo/Indigenous,14.0,18.57,4.57,6397461,8972151,False
ARG,Argentina,East Asian,0.5,0.65,0.15,228481,315272,False
ARG,Argentina,Afro-Argentine,0.5,0.57,0.07,228481,276335,False
ARM,Armenia,Armenian,98.1,97.92,-0.18,2917340,2443274,True
ARM,Armenia,Russian,0.4,0.32,-0.08,11895,7949,False
ARM,Armenia,Yazidi (Kurdish),0.3,0.4,0.1,8922,9874,False
ARM,Armenia,Other,1.2,1.37,0.17,35686,34104,False
ATG,Antigua & Barbuda,African descent,87.3,87.12,-0.18,81872,82821,True
ATG,Antigua & Barbuda,Mixed,4.7,4.6,-0.1,4408,4377,False
ATG,Antigua & Barbuda,Hispanic,2.7,3.01,0.31,2532,2861,False
ATG,Antigua & Barbuda,White,1.6,1.14,-0.46,1501,1082,False
ATG,Antigua & Barbuda,Other,3.7,4.12,0.42,3470,3921,False
AUS,Australia,English,25.9,25.53,-0.37,6918720,8298760,True
AUS,Australia,Australian (European),21.0,18.33,-2.67,5609773,5958502,False
AUS,Australia,Other European descent,10.1,8.82,-1.28,2698034,2865756,False
AUS,Australia,Chinese,5.5,6.25,0.75,1469226,2032957,False
AUS,Australia,Indian,3.1,4.69,1.59,828109,1523523,False
AUS,Australia,Filipino,1.6,2.27,0.67,427411,736638,False
AUS,Australia,Vietnamese,1.3,1.62,0.32,347272,524995,False
AUS,Australia,Aboriginal / Torres Strait,3.9,4.77,0.87,1041815,1551988,False
AUS,Australia,Middle Eastern,3.0,3.08,0.08,801396,1002166,False
AUS,Australia,Italian,2.9,2.53,-0.37,774683,822841,False
AUS,Australia,German,2.5,2.18,-0.32,667830,709345,False
AUS,Australia,Greek,1.4,1.22,-0.18,373985,397233,False
AUS,Australia,New Zealander (Maori/Pacific),1.2,1.47,0.27,320558,477535,False
AUS,Australia,Korean,0.9,1.02,0.12,240419,332666,False
AUS,Australia,Sri Lankan,0.7,0.93,0.23,186992,301861,False
AUS,Australia,Other,15.0,15.29,0.29,4006981,4970200,False
AUT,Austria,Austrian,80.8,77.26,-3.54,7369619,6740699,True
AUT,Austria,German,2.3,2.36,0.06,209779,205746,False
AUT,Austria,Turkish,2.5,3.26,0.76,228020,284234,False
AUT,Austria,Serbian,2.2,2.45,0.25,200658,213387,False
AUT,Austria,Bosnian,1.7,1.89,0.19,155054,164890,False
AUT,Austria,Romanian,0.8,0.86,0.06,72967,75301,False
AUT,Austria,Hungarian,0.6,0.65,0.05,54725,56476,False
AUT,Austria,Croatian,0.5,0.54,0.04,45604,47063,False
AUT,Austria,Polish,0.4,0.43,0.03,36483,37651,False
AUT,Austria,Syrian,0.6,1.43,0.83,54725,124840,False
AUT,Austria,Afghan,0.5,1.15,0.65,45604,100728,False
AUT,Austria,Iraqi,0.4,0.52,0.12,36483,45477,False
AUT,Austria,Indian,0.4,0.43,0.03,36483,37651,False
AUT,Austria,Chinese,0.3,0.29,-0.01,27362,25434,False
AUT,Austria,Other,6.0,6.47,0.47,547249,564758,False
AZE,Azerbaijan,Azerbaijani,91.6,91.13,-0.47,9468305,10228871,True
AZE,Azerbaijan,Lezgin,2.0,2.28,0.28,206732,255559,False
AZE,Azerbaijan,Russian,1.3,1.03,-0.27,134376,115605,False
AZE,Azerbaijan,Talysh,1.3,1.48,0.18,134376,166114,False
AZE,Azerbaijan,Armenian (Nagorno-Karabakh),1.0,0.96,-0.04,103366,107325,False
AZE,Azerbaijan,Avars,0.6,0.68,0.08,62019,76668,False
AZE,Azerbaijan,Other,2.2,2.45,0.25,227405,274779,False
BDI,Burundi,Hutu,85.0,85.39,0.39,11940620,20604909,True
BDI,Burundi,Tutsi,14.0,13.64,-0.36,1966690,3291691,False
BDI,Burundi,Twa,1.0,0.97,-0.03,140478,235121,False
BEL,Belgium,Flemish,50.0,48.82,-1.18,5869380,5794883,True
BEL,Belgium,Walloon,17.0,15.74,-1.26,1995589,1868979,False
BEL,Belgium,Italian,3.0,2.68,-0.32,352163,318523,False
BEL,Belgium,Moroccan,2.5,3.34,0.84,293469,396799,False
BEL,Belgium,French,2.0,2.04,0.04,234775,242406,False
BEL,Belgium,Turkish,1.8,2.17,0.37,211298,257559,False
BEL,Belgium,Dutch,1.5,1.53,0.03,176081,181804,False
BEL,Belgium,German-speaking,0.8,0.74,-0.06,93910,87952,False
BEL,Belgium,Sub-Saharan African,2.0,2.19,0.19,234775,260458,False
BEL,Belgium,Other,19.4,20.74,1.34,2277320,2461539,False
BEN,Benin,Fon,38.4,39.44,1.04,5553685,9636333,True
BEN,Benin,Adja,15.1,14.5,-0.6,2183871,3543956,False
BEN,Benin,Yoruba,12.0,11.53,-0.47,1735527,2816389,False
BEN,Benin,Bariba,9.6,9.22,-0.38,1388421,2253111,False
BEN,Benin,Fulani (Peulh),8.6,9.62,1.02,1243794,2350511,False
BEN,Benin,Ottamari (Somba),6.1,5.86,-0.24,882226,1431664,False
BEN,Benin,Yoa-Lokpa,4.3,4.13,-0.17,621897,1009206,False
BEN,Benin,Dendi,2.9,2.79,-0.11,419419,680627,False
BEN,Benin,Other,3.0,2.91,-0.09,433882,712016,False
BFA,Burkina Faso,Mossi,52.0,52.45,0.45,12245367,19564706,True
BFA,Burkina Faso,Fulani,8.4,9.42,1.02,1978098,3513196,False
BFA,Burkina Faso,Gurma,7.0,6.72,-0.28,1648415,2505532,False
BFA,Burkina Faso,Bobo,4.9,4.7,-0.2,1153890,1753873,False
BFA,Burkina Faso,Gurunsi,4.6,4.41,-0.19,1083244,1646493,False
BFA,Burkina Faso,Senufo,4.5,4.32,-0.18,1059695,1610699,False
BFA,Burkina Faso,Bissa,3.1,2.97,-0.13,730012,1109593,False
BFA,Burkina Faso,Lobi,2.5,2.4,-0.1,588720,894833,False
BFA,Burkina Faso,Other,13.0,12.61,-0.39,3061342,4705462,False
BGD,Bangladesh,Bengali,98.0,97.91,-0.09,170091119,210221706,True
BGD,Bangladesh,Chakma,0.4,0.45,0.05,694249,964806,False
BGD,Bangladesh,Santal,0.3,0.34,0.04,520687,723604,False
BGD,Bangladesh,Marma,0.2,0.22,0.02,347125,482403,False
BGD,Bangladesh,Bihari (Urdu-speaking),0.3,0.29,-0.01,520687,626668,False
BGD,Bangladesh,Other,0.8,0.79,-0.01,1388499,1689909,False
BGR,Bulgaria,Bulgarian,84.0,79.79,-4.21,5676456,4310216,True
BGR,Bulgaria,Turkish,8.8,10.99,2.19,594676,593503,False
BGR,Bulgaria,Romani,4.9,6.74,1.84,331127,363890,False
BGR,Bulgaria,Russian,0.5,0.54,0.04,33788,29263,False
BGR,Bulgaria,Greek,0.3,0.33,0.03,20273,17558,False
BGR,Bulgaria,Other,1.5,1.63,0.13,101365,87789,False
BHR,Bahrain,Bahraini,48.4,49.16,0.76,777817,1051685,True
BHR,Bahrain,Indian,13.0,12.69,-0.31,208918,271453,False
BHR,Bahrain,Bangladeshi,9.0,8.78,-0.22,144635,187929,False
BHR,Bahrain,Pakistani,6.0,5.86,-0.14,96424,125286,False
BHR,Bahrain,Filipino,4.0,3.9,-0.1,64282,83524,False
BHR,Bahrain,Egyptian,3.0,3.41,0.41,48212,72969,False
BHR,Bahrain,Sri Lankan,2.0,1.95,-0.05,32141,41762,False
BHR,Bahrain,Nepali,1.5,1.46,-0.04,24106,31322,False
BHR,Bahrain,Other foreign,13.1,12.79,-0.31,210525,273542,False
BHS,Bahamas,Black,90.6,90.7,0.1,363561,384805,True
BHS,Bahamas,Mixed,2.5,2.46,-0.04,10032,10434,False
BHS,Bahamas,White,2.1,1.42,-0.68,8427,6037,False
BHS,Bahamas,Other,4.8,5.42,0.62,19262,22996,False
BIH,Bosnia & Herzegovina,Bosniak (Muslim),50.1,55.52,5.42,1585292,1363183,True
BIH,Bosnia & Herzegovina,Serb (Republika Srpska),30.8,26.71,-4.09,974591,655681,False
BIH,Bosnia & Herzegovina,Croat,15.4,13.35,-2.05,487295,327841,False
BIH,Bosnia & Herzegovina,Roma,0.5,0.64,0.14,15821,15834,False
BIH,Bosnia & Herzegovina,Other,3.2,3.77,0.57,101256,92632,False
BLR,Belarus,Belarusian,83.7,85.31,1.61,7580455,6358981,True
BLR,Belarus,Russian,8.3,6.58,-1.72,751706,490246,False
BLR,Belarus,Polish,3.1,2.46,-0.64,280758,183104,False
BLR,Belarus,Ukrainian,1.7,1.96,0.26,153964,146134,False
BLR,Belarus,Other,3.2,3.69,0.49,289814,275076,False
BLZ,Belize,Mestizo,52.9,53.32,0.42,220634,275477,True
BLZ,Belize,Creole,25.9,24.86,-1.04,108023,128418,False
BLZ,Belize,Maya: Q'eqchi',6.3,6.98,0.68,26276,36069,False
BLZ,Belize,Maya: Yucatec/Mopan,5.0,5.54,0.54,20854,28626,False
BLZ,Belize,Garifuna,6.1,5.85,-0.25,25442,30245,False
BLZ,Belize,East Indian,1.5,1.44,-0.06,6256,7437,False
BLZ,Belize,White/Mennonite,1.0,0.74,-0.26,4171,3838,False
BLZ,Belize,Other,1.3,1.26,-0.04,5422,6518,False
BOL,Bolivia,Mestizo (Cholo),55.0,54.0,-1.0,6827325,8699185,True
BOL,Bolivia,Quechua,13.0,13.81,0.81,1613731,2224088,False
BOL,Bolivia,Aymara,11.0,11.68,0.68,1365465,1881921,False
BOL,Bolivia,White (Criollo),5.0,3.78,-1.22,620666,608978,False
BOL,Bolivia,Guarani (Chaco),2.0,2.12,0.12,248266,342167,False
BOL,Bolivia,Other Indigenous (Mojeño/Chiquitano),5.0,6.08,1.08,620666,979590,False
BOL,Bolivia,Afro-Bolivian,0.2,0.19,-0.01,24827,30153,False
BOL,Bolivia,Asian (Japanese/Chinese),0.3,0.3,-0.0,37240,48157,False
BOL,Bolivia,Other,8.5,8.04,-0.46,1055132,1295924,False
BRA,Brazil,White: Portuguese descent,25.0,19.89,-5.11,52999641,43269345,False
BRA,Brazil,White: Italian descent,8.0,6.37,-1.63,16959885,13846190,False
BRA,Brazil,White: German descent,4.5,3.58,-0.92,9539935,7788482,False
BRA,Brazil,White: Spanish descent,4.0,3.18,-0.82,8479943,6923095,False
BRA,Brazil,White: Polish/Ukrainian descent,2.0,1.5,-0.5,4239971,3272957,False
BRA,Brazil,White: Other European,4.2,3.16,-1.04,8903940,6873209,False
BRA,Brazil,Pardo (Mixed Euro/African/Indigenous),43.1,51.88,8.78,91371382,112840300,True
BRA,Brazil,Black (African descent),7.6,8.65,1.05,16111891,18802898,False
BRA,Brazil,Asian (Japanese/Chinese descent),1.1,1.19,0.09,2331984,2578820,False
BRA,Brazil,Indigenous,0.4,0.49,0.09,847994,1068768,False
BRA,Brazil,Other,0.1,0.1,0.0,211999,225237,False
BRB,Barbados,Black,92.4,93.18,0.78,261008,246200,True
BRB,Barbados,Mixed,3.1,3.07,-0.03,8757,8122,False
BRB,Barbados,White,2.7,1.95,-0.75,7627,5140,False
BRB,Barbados,East Indian,1.3,1.27,-0.03,3672,3368,False
BRB,Barbados,Other,0.5,0.53,0.03,1412,1395,False
BRN,Brunei,Malay,65.7,69.4,3.7,304016,360548,True
BRN,Brunei,Chinese,10.3,6.67,-3.63,47662,34671,False
BRN,Brunei,Indigenous (Dusun/Iban/etc.),3.4,2.95,-0.45,15733,15339,False
BRN,Brunei,Other foreign workers,20.6,20.98,0.38,95323,108999,False
BTN,Bhutan,Ngalop (Bhote),50.0,51.27,1.27,395765,452403,True
BTN,Bhutan,Lhotshampa (Nepali),35.0,34.09,-0.91,277036,300824,False
BTN,Bhutan,Sharchop,13.0,12.66,-0.34,102899,111735,False
BTN,Bhutan,Other,2.0,1.97,-0.03,15831,17383,False
BWA,Botswana,Tswana (Batswana),79.0,79.71,0.71,1991705,2739946,True
BWA,Botswana,Kalanga,11.0,10.74,-0.26,277326,369211,False
BWA,Botswana,Basarwa (San),3.0,2.96,-0.04,75634,101826,False
BWA,Botswana,Kgalagadi,2.0,1.95,-0.05,50423,67129,False
BWA,Botswana,Herero,1.5,1.46,-0.04,37817,50347,False
BWA,Botswana,White (European),1.5,1.2,-0.3,37817,41089,False
BWA,Botswana,Other,2.0,1.97,-0.03,50423,67884,False
CAF,Central African Rep.,Baya,33.0,34.71,1.71,1759128,3685398,True
CAF,Central African Rep.,Banda,27.0,26.3,-0.7,1439287,2792295,False
CAF,Central African Rep.,Mandjia,13.0,12.66,-0.34,692990,1344438,False
CAF,Central African Rep.,Sara,10.0,9.74,-0.26,533069,1034183,False
CAF,Central African Rep.,Mboum,7.0,6.82,-0.18,373148,723928,False
CAF,Central African Rep.,M'Baka,4.0,3.9,-0.1,213228,413673,False
CAF,Central African Rep.,Yakoma,4.0,3.9,-0.1,213228,413673,False
CAF,Central African Rep.,Other,2.0,1.97,-0.03,106614,209163,False
CAN,Canada,White (European),67.0,54.52,-12.48,26627427,24872466,True
CAN,Canada,South Asian (Indian),5.2,9.44,4.24,2066606,4307644,False
CAN,Canada,South Asian (Pakistani),1.0,1.67,0.67,397424,760368,False
CAN,Canada,South Asian (Sri Lankan),0.6,0.9,0.3,238455,409099,False
CAN,Canada,South Asian (Other),0.8,1.15,0.35,317939,524674,False
CAN,Canada,Chinese,4.9,5.38,0.48,1947379,2455425,False
CAN,Canada,Black (African),2.4,4.27,1.87,953818,1946766,False
CAN,Canada,Black (Caribbean),2.0,2.6,0.6,794849,1188323,False
CAN,Canada,Filipino,2.6,3.87,1.27,1033303,1766488,False
CAN,Canada,Arab,2.1,3.62,1.52,834591,1652204,False
CAN,Canada,Indigenous: First Nations,3.0,3.06,0.06,1192273,1397874,False
CAN,Canada,Indigenous: Métis,1.7,1.61,-0.09,675621,732984,False
CAN,Canada,Indigenous: Inuit,0.3,0.36,0.06,119227,166302,False
CAN,Canada,Korean,0.5,0.46,-0.04,198712,209625,False
CAN,Canada,Japanese,0.2,0.14,-0.06,79485,63979,False
CAN,Canada,Latin American,1.0,1.21,0.21,397424,552557,False
CAN,Canada,Southeast Asian,1.2,1.45,0.25,476909,663068,False
CAN,Canada,West Asian (Iranian/Afghan/Turkish),1.0,1.55,0.55,397424,707909,False
CAN,Canada,Multiple origins,1.5,1.81,0.31,596136,825754,False
CAN,Canada,Other,1.0,0.92,-0.08,397424,418373,False
CHE,Switzerland,Swiss,69.2,65.69,-3.51,6174009,6137498,True
CHE,Switzerland,German,4.2,4.28,0.08,374723,399423,False
CHE,Switzerland,Italian,3.2,3.26,0.06,285503,304322,False
CHE,Switzerland,Portuguese,2.5,2.91,0.41,223049,271772,False
CHE,Switzerland,French,2.1,2.14,0.04,187362,199711,False
CHE,Switzerland,Kosovar Albanian,1.1,1.32,0.22,98142,123454,False
CHE,Switzerland,Spanish,1.1,1.12,0.02,98142,104611,False
CHE,Switzerland,Turkish,1.0,1.27,0.27,89220,118562,False
CHE,Switzerland,Serbian,0.8,0.85,0.05,71376,79836,False
CHE,Switzerland,Eritrean,0.8,0.87,0.07,71376,81414,False
CHE,Switzerland,Albanian,1.4,1.83,0.43,124908,170643,False
CHE,Switzerland,Romanian,1.3,1.39,0.09,115986,129733,False
CHE,Switzerland,Polish,1.2,1.28,0.08,107064,119754,False
CHE,Switzerland,Indian,1.1,1.94,0.84,98142,181621,False
CHE,Switzerland,Chinese,0.8,0.77,-0.03,71376,72327,False
CHE,Switzerland,Macedonian,0.7,0.75,0.05,62454,69856,False
CHE,Switzerland,Bosnian,0.7,0.75,0.05,62454,69856,False
CHE,Switzerland,Iranian,0.6,0.76,0.16,53532,71198,False
CHE,Switzerland,Filipino,0.6,0.84,0.24,53532,78147,False
CHE,Switzerland,Other,5.6,5.98,0.38,499631,558851,False
CHL,Chile,White (Spanish/European descent),60.0,53.34,-6.66,11858864,10838428,True
CHL,Chile,Mestizo,28.9,31.99,3.09,5712020,6499491,False
CHL,Chile,Mapuche,9.1,11.93,2.83,1798594,2424237,False
CHL,Chile,Aymara,1.0,1.31,0.31,197648,266400,False
CHL,Chile,Other indigenous,0.7,1.1,0.4,138353,223522,False
CHL,Chile,Other,0.3,0.34,0.04,59294,68228,False
CHN,China,Han Chinese,91.1,89.83,-1.27,1293001690,1132094397,True
CHN,China,Zhuang,1.4,1.66,0.26,19870498,20910153,False
CHN,China,Hui (Chinese Muslim),0.8,0.85,0.05,11354570,10765872,False
CHN,China,Manchu,0.7,0.55,-0.15,9935249,6903726,False
CHN,China,Uyghur,0.8,0.95,0.15,11354570,11948659,False
CHN,China,Miao/Hmong,0.8,0.95,0.15,11354570,11948659,False
CHN,China,Tibetan,0.5,0.59,0.09,7096606,7467912,False
CHN,China,Yi,0.7,0.83,0.13,9935249,10455076,False
CHN,China,Tujia,0.7,0.83,0.13,9935249,10455076,False
CHN,China,Other,2.5,2.96,0.46,35483032,37339559,False
CIV,Cote d'Ivoire,Akan (Baoule/Agni),28.9,30.66,1.76,9228992,17089811,True
CIV,Cote d'Ivoire,Voltaique/Gur,16.1,15.65,-0.45,5141411,8723788,False
CIV,Cote d'Ivoire,Northern Mande (Malinke),14.5,14.09,-0.41,4630463,7856827,False
CIV,Cote d'Ivoire,Krou (Bete),8.5,8.26,-0.24,2714409,4605726,False
CIV,Cote d'Ivoire,Southern Mande (Dan),6.9,6.71,-0.19,2203462,3738766,False
CIV,Cote d'Ivoire,Senoufo,3.5,3.4,-0.1,1117698,1896476,False
CIV,Cote d'Ivoire,Other,21.6,21.23,-0.37,6897793,11835590,False
CMR,Cameroon,Bamileke-Bamum,24.3,25.74,1.44,7077071,13153346,True
CMR,Cameroon,Fang-Beti,19.6,18.71,-0.89,5708255,9559436,False
CMR,Cameroon,Biu-Mandara,14.6,13.94,-0.66,4252067,7120804,False
CMR,Cameroon,Arab-Choa/Hausa,10.7,12.0,1.3,3116241,6131613,False
CMR,Cameroon,Mbam,4.6,4.39,-0.21,1339692,2243541,False
CMR,Cameroon,Maka-Njem,3.3,3.15,-0.15,961084,1609497,False
CMR,Cameroon,Grassfields (Tikar),3.0,2.86,-0.14,873712,1463179,False
CMR,Cameroon,Other,19.9,19.21,-0.69,5795626,9814908,False
COD,Congo (DRC),Luba,18.0,17.34,-0.66,19669728,37848036,False
COD,Congo (DRC),Kongo,16.0,15.42,-0.58,17484202,33642698,False
COD,Congo (DRC),Mongo,13.8,13.3,-0.5,15080124,29016827,False
COD,Congo (DRC),Banyarwanda,10.3,10.79,0.49,11255455,23553319,False
COD,Congo (DRC),Azande,6.1,5.88,-0.22,6665852,12826279,False
COD,Congo (DRC),Bangi-Ngale,5.4,5.2,-0.2,5900918,11354411,False
COD,Congo (DRC),Chokwe,4.5,4.34,-0.16,4917432,9462009,False
COD,Congo (DRC),Lulua,3.0,2.89,-0.11,3278288,6308006,False
COD,Congo (DRC),Tshokwe/Lunda,2.5,2.41,-0.09,2731907,5256672,False
COD,Congo (DRC),Other,20.4,22.44,2.04,22292358,48977815,True
COG,Congo,Kongo,48.5,49.81,1.31,3071490,5482153,True
COG,Congo,Sangha,19.1,18.6,-0.5,1209597,2047662,False
COG,Congo,Teke,14.5,14.12,-0.38,918281,1554508,False
COG,Congo,M'Bochi,12.3,11.98,-0.32,778955,1318651,False
COG,Congo,Punu,3.0,2.92,-0.08,189989,321622,False
COG,Congo,Other,2.6,2.56,-0.04,164657,281874,False
COL,Colombia,Mestizo,45.0,45.7,0.7,23798862,27139192,True
COL,Colombia,White (Spanish/European descent),39.2,36.52,-2.68,20731453,21686738,False
COL,Colombia,Afro-Colombian,6.8,7.42,0.62,3596272,4404671,False
COL,Colombia,Indigenous (Wayuu/Embera/etc.),4.3,5.56,1.26,2274113,3299183,False
COL,Colombia,Venezuelan migrant,3.0,3.21,0.21,1586591,1904493,False
COL,Colombia,Other,1.7,1.6,-0.1,899068,951073,False
COM,Comoros,Comorian (Antalote/Cafre/Makoa),97.0,97.05,0.05,840633,1268925,True
COM,Comoros,Makua / Other,3.0,2.95,-0.05,25999,38636,False
CPV,Cape Verde,Creole (Mulatto),71.0,71.85,0.85,372663,406766,True
CPV,Cape Verde,African,28.0,27.32,-0.68,146966,154679,False
CPV,Cape Verde,European,1.0,0.83,-0.17,5249,4697,False
CRI,Costa Rica,White or Mestizo,80.0,78.78,-1.22,4103927,4218255,True
CRI,Costa Rica,Mulatto,6.7,6.39,-0.31,343704,341879,False
CRI,Costa Rica,Indigenous (Bribri/Cabecar),2.4,3.25,0.85,123118,173880,False
CRI,Costa Rica,Black,1.1,1.05,-0.05,56429,56129,False
CRI,Costa Rica,Nicaraguan migrant,6.5,7.15,0.65,333444,382789,False
CRI,Costa Rica,Other Central American migrant,1.5,1.65,0.15,76949,88336,False
CRI,Costa Rica,Other,1.8,1.73,-0.07,92338,92881,False
CUB,Cuba,White (Spanish descent),62.1,56.58,-5.52,6818444,5308042,True
CUB,Cuba,Mulatto (Mixed),27.6,31.87,4.27,3030420,2989853,False
CUB,Cuba,Black,9.3,10.74,1.44,1021120,1007450,False
CUB,Cuba,Chinese-Cuban,1.0,0.82,-0.18,109798,76650,False
CYP,Cyprus,Greek Cypriot,77.0,71.91,-5.09,1045881,1084736,True
CYP,Cyprus,Turkish Cypriot,18.0,22.86,4.86,244492,344814,False
CYP,Cyprus,Foreign residents,5.0,5.23,0.23,67914,78934,False
CZE,Czechia,Czech,76.0,74.18,-1.82,8159251,7288941,True
CZE,Czechia,Moravian,5.0,4.71,-0.29,536793,463196,False
CZE,Czechia,Slovak,2.3,2.53,0.23,246925,248164,False
CZE,Czechia,Ukrainian,4.0,4.39,0.39,429434,431590,False
CZE,Czechia,Vietnamese,1.2,1.32,0.12,128830,129477,False
CZE,Czechia,Russian,0.9,0.99,0.09,96623,97108,False
CZE,Czechia,Romani,1.0,1.43,0.43,107359,140406,False
CZE,Czechia,Polish,0.6,0.57,-0.03,64415,55584,False
CZE,Czechia,Other,9.0,9.88,0.88,966227,971077,False
DEU,Germany,German,83.5,78.44,-5.06,70601115,61411100,True
DEU,Germany,Turkish,2.4,3.0,0.6,2029254,2347538,False
DEU,Germany,Syrian,1.4,3.05,1.65,1183731,2386342,False
DEU,Germany,Polish,1.2,1.46,0.26,1014627,1144070,False
DEU,Germany,Romanian,1.0,1.3,0.3,845522,1017727,False
DEU,Germany,Italian,0.9,0.98,0.08,760970,765957,False
DEU,Germany,Ukrainian,0.8,1.64,0.84,676418,1281975,False
DEU,Germany,Russian,0.7,0.75,0.05,591866,585372,False
DEU,Germany,Greek,0.6,0.64,0.04,507313,501747,False
DEU,Germany,Iraqi,0.5,0.95,0.45,422761,747247,False
DEU,Germany,Afghan,0.4,0.82,0.42,338209,639749,False
DEU,Germany,Bulgarian,0.4,0.43,0.03,338209,334498,False
DEU,Germany,Croatian,0.3,0.32,0.02,253657,250874,False
DEU,Germany,Serbian,0.3,0.32,0.02,253657,250874,False
DEU,Germany,Kosovar,0.3,0.33,0.03,253657,256452,False
DEU,Germany,Spanish,0.4,0.41,0.01,338209,318761,False
DEU,Germany,French,0.4,0.41,0.01,338209,318761,False
DEU,Germany,Dutch,0.4,0.41,0.01,338209,318761,False
DEU,Germany,British,0.3,0.31,0.01,253657,239071,False
DEU,Germany,Other,3.8,4.06,0.26,3212985,3177731,False
DJI,Djibouti,Somali (Issa),60.0,63.03,3.03,701236,964755,True
DJI,Djibouti,Afar,35.0,32.21,-2.79,409054,492922,False
DJI,Djibouti,Arab,2.0,2.01,0.01,23375,30832,False
DJI,Djibouti,Other (French/Ethiopian),3.0,2.75,-0.25,35062,42037,False
DMA,Dominica,Black,86.6,86.84,0.24,57352,54896,True
DMA,Dominica,Mixed,9.1,8.96,-0.14,6027,5661,False
DMA,Dominica,Indigenous (Kalinago),2.9,2.82,-0.08,1921,1784,False
DMA,Dominica,Other,1.4,1.38,-0.02,927,871,False
DNK,Denmark,Danish,83.0,79.91,-3.09,4961256,4894572,True
DNK,Denmark,Other Nordic/European,4.0,4.11,0.11,239097,251862,False
DNK,Denmark,Polish,1.3,1.4,0.1,77706,85692,False
DNK,Denmark,Syrian,1.1,1.9,0.8,65752,116160,False
DNK,Denmark,Turkish,1.0,1.28,0.28,59774,78380,False
DNK,Denmark,Somali,0.8,1.22,0.42,47819,74790,False
DNK,Denmark,Pakistani,0.7,0.91,0.21,41842,55815,False
DNK,Denmark,Iraqi,0.6,0.77,0.17,35865,47028,False
DNK,Denmark,Iranian,0.5,0.64,0.14,29887,38899,False
DNK,Denmark,Ukrainian,0.5,0.87,0.37,29887,53173,False
DNK,Denmark,Afghan,0.4,0.43,0.03,23910,26367,False
DNK,Denmark,Lebanese,0.3,0.32,0.02,17932,19775,False
DNK,Denmark,Filipino,0.4,0.43,0.03,23910,26367,False
DNK,Denmark,Thai,0.4,0.43,0.03,23910,26367,False
DNK,Denmark,Indian,0.4,0.43,0.03,23910,26367,False
DNK,Denmark,Other Middle Eastern/African/Asian,1.8,1.94,0.14,107594,118650,False
DNK,Denmark,Other,2.8,3.01,0.21,167368,184567,False
DOM,Dominican Rep.,Mixed (Mulatto),69.6,72.37,2.77,7953580,9405171,True
DOM,Dominican Rep.,Black,15.8,15.84,0.04,1805554,2058540,False
DOM,Dominican Rep.,White,13.5,10.58,-2.92,1542720,1374821,False
DOM,Dominican Rep.,Haitian migrant,0.8,0.91,0.11,91420,118234,False
DOM,Dominican Rep.,Other,0.3,0.3,0.0,34283,39526,False
DZA,Algeria,Arab,55.0,56.18,1.18,25747866,33463937,True
DZA,Algeria,Amazigh (Kabyle),23.0,22.42,-0.58,10767289,13354286,False
DZA,Algeria,Amazigh (Chaoui/Aurès),7.0,6.82,-0.18,3277001,4064348,False
DZA,Algeria,Arab-Berber (mixed),10.0,9.75,-0.25,4681430,5806211,False
DZA,Algeria,Mozabite/Tuareg,3.0,2.92,-0.08,1404429,1741863,False
DZA,Algeria,European,0.5,0.43,-0.07,234072,254177,False
DZA,Algeria,Other,1.5,1.48,-0.02,702215,880727,False
ECU,Ecuador,Mestizo,71.9,71.08,-0.82,13039409,15166208,True
ECU,Ecuador,Montubio,7.4,7.05,-0.35,1342025,1505064,False
ECU,Ecuador,Afroecuadorian,7.2,7.96,0.76,1305754,1698084,False
ECU,Ecuador,Amerindian,7.0,9.07,2.07,1269483,1935778,False
ECU,Ecuador,White,6.1,4.45,-1.65,1106264,949827,False
ECU,Ecuador,Other,0.4,0.39,-0.01,72542,82270,False
EGY,Egypt,Egyptian (Sunni Muslim),84.9,84.82,-0.08,98940979,137094501,True
EGY,Egypt,Egyptian (Coptic Christian),10.0,9.69,-0.31,11653826,15660084,False
EGY,Egypt,Nubian,1.0,0.97,-0.03,1165383,1566008,False
EGY,Egypt,Bedouin Arab,1.0,0.97,-0.03,1165383,1566008,False
EGY,Egypt,Sudanese migrant,0.7,0.86,0.16,815768,1388953,False
EGY,Egypt,Syrian migrant,0.5,0.61,0.11,582691,992110,False
EGY,Egypt,Other Arab,1.9,2.08,0.18,2214227,3362532,False
ERI,Eritrea,Tigrinya,55.0,54.44,-0.56,1944586,3101169,True
ERI,Eritrea,Tigre,30.0,31.36,1.36,1060683,1786410,False
ERI,Eritrea,Saho,4.0,3.78,-0.22,141424,215032,False
ERI,Eritrea,Kunama,2.0,1.89,-0.11,70712,107516,False
ERI,Eritrea,Rashaida,2.0,1.89,-0.11,70712,107516,False
ERI,Eritrea,Bilen,2.0,1.89,-0.11,70712,107516,False
ERI,Eritrea,Nara,1.5,1.42,-0.08,53034,80637,False
ERI,Eritrea,Other,3.5,3.34,-0.16,123746,190269,False
ESP,Spain,Spanish,79.2,73.51,-5.69,37945142,33026052,True
ESP,Spain,Moroccan,2.3,4.08,1.78,1101942,1833060,False
ESP,Spain,Romanian,1.9,2.0,0.1,910300,897360,False
ESP,Spain,Latin American,5.0,5.26,0.26,2395527,2361474,False
ESP,Spain,British,1.2,1.2,-0.0,574926,536965,False
ESP,Spain,Colombian,1.2,2.23,1.03,574926,1000440,False
ESP,Spain,Venezuelan,1.0,2.52,1.52,479105,1130704,False
ESP,Spain,Ecuadorian,0.7,1.23,0.53,335374,553367,False
ESP,Spain,Peruvian,0.6,1.06,0.46,287463,474315,False
ESP,Spain,Italian,1.3,1.29,-0.01,622837,581712,False
ESP,Spain,German,1.2,1.2,-0.0,574926,536965,False
ESP,Spain,French,1.0,1.0,-0.0,479105,447471,False
ESP,Spain,Chinese,0.8,0.75,-0.05,383284,338086,False
ESP,Spain,Ukrainian,0.7,0.74,0.04,335374,330606,False
ESP,Spain,Portuguese,0.7,0.7,-0.0,335374,313230,False
ESP,Spain,Other,1.2,1.26,0.06,574926,566754,False
EST,Estonia,Estonian,69.1,72.42,3.32,940139,850380,True
EST,Estonia,Russian,23.7,19.42,-4.28,322450,228064,False
EST,Estonia,Ukrainian,2.1,2.49,0.39,28572,29196,False
EST,Estonia,Belarusian,1.0,0.82,-0.18,13605,9623,False
EST,Estonia,Other,4.1,4.85,0.75,55782,57001,False
ETH,Ethiopia,Oromo,35.8,36.87,1.07,47277398,82972424,True
ETH,Ethiopia,Amhara,24.1,23.1,-1.0,31826405,51990776,False
ETH,Ethiopia,Somali,7.2,8.34,1.14,9508303,18758604,False
ETH,Ethiopia,Tigray,5.7,5.46,-0.24,7527407,12296574,False
ETH,Ethiopia,Sidama,4.1,3.93,-0.17,5414451,8844904,False
ETH,Ethiopia,Gurage,2.5,2.4,-0.1,3301494,5393234,False
ETH,Ethiopia,Welaita,2.3,2.21,-0.09,3037375,4961775,False
ETH,Ethiopia,Hadiya,1.7,1.63,-0.07,2245016,3667399,False
ETH,Ethiopia,Afar,1.7,1.63,-0.07,2245016,3667399,False
ETH,Ethiopia,Gamo,1.5,1.44,-0.06,1980897,3235940,False
ETH,Ethiopia,Other,13.4,12.99,-0.41,17696009,29232841,False
FIN,Finland,Finnish,86.9,85.93,-0.97,4881443,4598595,True
FIN,Finland,Swedish-speaking,5.2,4.99,-0.21,292100,267011,False
FIN,Finland,Russian,1.5,1.68,0.18,84260,89854,False
FIN,Finland,Estonian,0.9,1.01,0.11,50556,53912,False
FIN,Finland,Somali,0.6,0.81,0.21,33704,43395,False
FIN,Finland,Iraqi,0.5,0.68,0.18,28087,36163,False
FIN,Finland,Vietnamese,0.3,0.34,0.04,16852,17971,False
FIN,Finland,Sami (indigenous),0.1,0.1,-0.0,5617,5135,False
FIN,Finland,Other,4.0,4.48,0.48,224692,239610,False
FJI,Fiji,iTaukei (indigenous Fijian),56.8,66.61,9.81,527558,666258,True
FJI,Fiji,Fijian Indian,37.5,28.39,-9.11,348300,283974,False
FJI,Fiji,Rotuman,1.2,1.04,-0.16,11146,10441,False
FJI,Fiji,Other,4.5,3.96,-0.54,41796,39593,False
FRA,France,French (native),83.0,75.96,-7.04,55235282,51821804,True
FRA,France,Algerian origin,2.8,4.11,1.31,1863359,2805190,False
FRA,France,Moroccan origin,2.6,3.94,1.34,1730262,2689925,False
FRA,France,Tunisian origin,0.9,1.28,0.38,598937,872359,False
FRA,France,Other North African,0.7,1.06,0.36,465840,724211,False
FRA,France,Sub-Saharan African,4.0,7.47,3.47,2661941,5094450,False
FRA,France,Portuguese,1.4,1.45,0.05,931679,992542,False
FRA,France,Italian,0.9,0.88,-0.02,598937,602404,False
FRA,France,Spanish,0.7,0.69,-0.01,465840,468536,False
FRA,France,Turkish,0.6,0.64,0.04,399291,435038,False
FRA,France,Southeast Asian (Vietnamese/Cambodian),0.6,0.7,0.1,399291,479844,False
FRA,France,Chinese,0.4,0.38,-0.02,266194,256350,False
FRA,France,Other European,1.3,1.33,0.03,865131,907240,False
FRA,France,Other,0.1,0.1,0.0,66549,69788,False
FSM,Micronesia,Chuukese,48.8,50.03,1.23,55227,63249,True
FSM,Micronesia,Pohnpeian,24.2,23.54,-0.66,27387,29756,False
FSM,Micronesia,Kosraean,6.2,6.03,-0.17,7017,7624,False
FSM,Micronesia,Yapese,5.2,5.06,-0.14,5885,6394,False
FSM,Micronesia,Other,15.6,15.34,-0.26,17655,19397,False
GAB,Gabon,Fang,23.2,22.49,-0.71,589037,918556,False
GAB,Gabon,Shirazi-Punu,18.7,18.13,-0.57,474784,740388,False
GAB,Gabon,Nzabi,11.5,11.15,-0.35,291980,455319,False
GAB,Gabon,Mbamba,11.0,10.66,-0.34,279285,435522,False
GAB,Gabon,Tsogo,4.0,3.88,-0.12,101558,158372,False
GAB,Gabon,Kota,3.0,2.91,-0.09,76169,118779,False
GAB,Gabon,Other African,26.6,28.65,2.05,675361,1170068,True
GAB,Gabon,French expatriate,2.0,2.14,0.14,50779,87536,False
GBR,UK,White British,74.4,67.33,-7.07,51438810,50839459,True
GBR,UK,Other White,4.6,4.23,-0.37,3180357,3195506,False
GBR,UK,Indian,3.1,4.34,1.24,2143284,3275871,False
GBR,UK,Pakistani,2.3,4.16,1.86,1590178,3143477,False
GBR,UK,Bangladeshi,1.0,1.86,0.86,691382,1407272,False
GBR,UK,Chinese,0.8,0.78,-0.02,553105,590393,False
GBR,UK,Other Asian,1.5,1.93,0.43,1037073,1455213,False
GBR,UK,Black African,2.5,4.5,2.0,1728455,3395949,False
GBR,UK,Black Caribbean,1.1,0.96,-0.14,760520,727168,False
GBR,UK,Mixed/Multiple,2.9,3.48,0.58,2005007,2627080,False
GBR,UK,Arab,0.6,1.05,0.45,414829,796331,False
GBR,UK,White Irish,1.0,1.12,0.12,691382,846613,False
GBR,UK,Other,4.2,4.24,0.04,2903804,3204354,False
GEO,Georgia,Georgian (Kartvelian),86.0,86.23,0.23,3274594,3159342,True
GEO,Georgia,Azerbaijani,6.3,7.18,0.88,239883,262917,False
GEO,Georgia,Armenian,4.5,3.62,-0.88,171345,132617,False
GEO,Georgia,Russian,1.5,1.21,-0.29,57115,44206,False
GEO,Georgia,Ossetian,0.9,0.88,-0.02,34269,32079,False
GEO,Georgia,Other,0.8,0.9,0.1,30461,32851,False
GHA,Ghana,Akan,45.7,47.09,1.39,15733330,23803254,True
GHA,Ghana,Mole-Dagbani,18.5,18.02,-0.48,6369072,9110442,False
GHA,Ghana,Ewe,12.8,12.47,-0.33,4406709,6303441,False
GHA,Ghana,Ga-Dangme,7.1,6.92,-0.18,2444347,3496440,False
GHA,Ghana,Gurma,6.4,6.23,-0.17,2203355,3151720,False
GHA,Ghana,Guan,3.2,3.12,-0.08,1101677,1575860,False
GHA,Ghana,Grusi,2.6,2.53,-0.07,895113,1280386,False
GHA,Ghana,Mande,2.0,1.95,-0.05,688548,984913,False
GHA,Ghana,Other,1.7,1.67,-0.03,585266,846591,False
GIN,Guinea,Fulani (Peulh),33.4,38.76,5.36,4928096,9071081,True
GIN,Guinea,Malinke,29.8,27.4,-2.4,4396924,6413385,False
GIN,Guinea,Susu,21.0,19.31,-1.69,3098504,4519500,False
GIN,Guinea,Guerze,7.8,7.17,-0.63,1150873,1678671,False
GIN,Guinea,Kissi,6.3,5.79,-0.51,929551,1355850,False
GIN,Guinea,Toma,1.6,1.47,-0.13,236076,344343,False
GIN,Guinea,Other,0.1,0.09,-0.01,14755,21763,False
GMB,Gambia,Mandinka,34.4,35.29,0.89,949440,1518152,True
GMB,Gambia,Fula,22.5,23.59,1.09,621000,1014721,False
GMB,Gambia,Wolof,12.3,11.71,-0.59,339480,503680,False
GMB,Gambia,Jola,10.7,10.19,-0.51,295320,438161,False
GMB,Gambia,Serahule,8.2,7.81,-0.39,226320,335787,False
GMB,Gambia,Serer,3.0,2.86,-0.14,82800,122849,False
GMB,Gambia,Other,8.9,8.57,-0.33,245640,368550,False
GNB,Guinea-Bissau,Balanta,28.5,29.66,1.16,627388,1019903,True
GNB,Guinea-Bissau,Fula,22.5,23.6,1.1,495306,811576,False
GNB,Guinea-Bissau,Manjaco,14.7,13.99,-0.71,323600,480925,False
GNB,Guinea-Bissau,Mandinga,9.1,8.66,-0.44,200324,297715,False
GNB,Guinea-Bissau,Papel,8.2,7.8,-0.4,180512,268271,False
GNB,Guinea-Bissau,Beafada,3.0,2.85,-0.15,66041,98148,False
GNB,Guinea-Bissau,Mancanha,3.0,2.85,-0.15,66041,98148,False
GNB,Guinea-Bissau,Other,11.0,10.58,-0.42,242150,363923,False
GNQ,Equatorial Guinea,Fang,85.7,85.92,0.22,1621892,2701075,True
GNQ,Equatorial Guinea,Bubi,6.5,6.32,-0.18,123014,198748,False
GNQ,Equatorial Guinea,Ndowe,3.6,3.5,-0.1,68131,110076,False
GNQ,Equatorial Guinea,Annobon,1.6,1.56,-0.04,30280,48923,False
GNQ,Equatorial Guinea,European,1.2,1.32,0.12,22710,41622,False
GNQ,Equatorial Guinea,Other,1.4,1.38,-0.02,26495,43289,False
GRC,Greece,Greek,91.6,90.51,-1.09,9203797,7975763,True
GRC,Greece,Albanian,4.4,4.97,0.57,442104,438065,False
GRC,Greece,Bulgarian,0.3,0.34,0.04,30143,29868,False
GRC,Greece,Romanian,0.5,0.56,0.06,50239,49780,False
GRC,Greece,Pakistani,0.3,0.34,0.04,30143,29868,False
GRC,Greece,Georgian,0.2,0.23,0.03,20096,19912,False
GRC,Greece,Other,2.7,3.05,0.35,271291,268813,False
GRD,Grenada,African descent,82.4,82.49,0.09,96588,93422,True
GRD,Grenada,Mixed,13.3,13.05,-0.25,15590,14775,False
GRD,Grenada,East Indian,2.2,2.13,-0.07,2579,2417,False
GRD,Grenada,Other,2.1,2.33,0.23,2462,2641,False
GTM,Guatemala,Ladino (Mestizo),56.0,54.18,-1.82,10307565,13366490,True
GTM,Guatemala,Maya: K'iche',9.1,9.6,0.5,1674979,2368294,False
GTM,Guatemala,Maya: Q'eqchi',8.7,9.18,0.48,1601354,2264194,False
GTM,Guatemala,Maya: Kaqchikel,7.8,8.23,0.43,1435697,2029967,False
GTM,Guatemala,Maya: Mam,5.9,6.22,0.32,1085976,1535488,False
GTM,Guatemala,Other Maya,10.2,10.76,0.56,1877449,2654572,False
GTM,Guatemala,Garifuna,0.4,0.42,0.02,73625,104101,False
GTM,Guatemala,Xinca,0.1,0.09,-0.01,18406,22761,False
GTM,Guatemala,White,1.8,1.32,-0.48,331315,324994,False
GUY,Guyana,East Indian,39.8,39.87,0.07,330775,375049,True
GUY,Guyana,African descent,29.3,27.49,-1.81,243510,258591,False
GUY,Guyana,Mixed,19.9,18.88,-1.02,165387,177606,False
GUY,Guyana,Amerindian (Arawak/Carib),10.5,13.28,2.78,87265,124900,False
GUY,Guyana,Other,0.5,0.47,-0.03,4155,4462,False
HKG,Hong Kong,Chinese,91.6,85.16,-6.44,6792061,5186997,True
HKG,Hong Kong,Filipino,2.7,6.22,3.52,200203,378921,False
HKG,Hong Kong,Indonesian,1.9,4.57,2.67,140883,278367,False
HKG,Hong Kong,White (Western expatriates),1.2,1.22,0.02,88979,74541,False
HKG,Hong Kong,South Asian,1.0,1.08,0.08,74149,66073,False
HKG,Hong Kong,Other,1.6,1.74,0.14,118639,105717,False
HND,Honduras,Mestizo,90.0,88.5,-1.5,9743134,13140013,True
HND,Honduras,Indigenous: Lenca,4.0,5.04,1.04,433028,748965,False
HND,Honduras,Indigenous: Miskito,2.0,2.52,0.52,216514,374482,False
HND,Honduras,Other Indigenous,1.0,1.26,0.26,108257,187241,False
HND,Honduras,Black (Garifuna),2.0,1.91,-0.09,216514,283598,False
HND,Honduras,White,1.0,0.76,-0.24,108257,112482,False
HRV,Croatia,Croat,90.4,90.78,0.38,3503294,2935967,True
HRV,Croatia,Serb,4.4,3.48,-0.92,170514,112621,False
HRV,Croatia,Bosniak,0.9,1.04,0.14,34878,33645,False
HRV,Croatia,Italian,0.6,0.45,-0.15,23252,14515,False
HRV,Croatia,Albanian,0.4,0.46,0.06,15501,14953,False
HRV,Croatia,Other,3.3,3.79,0.49,127886,122453,False
HTI,Haiti,Black (African descent),93.0,93.11,0.11,10948483,13697588,True
HTI,Haiti,Mixed (Mulatto),4.5,4.43,-0.07,529765,651762,False
HTI,Haiti,White (French/Levantine descent),0.3,0.24,-0.06,35318,35828,False
HTI,Haiti,Dominican migrant,0.4,0.44,0.04,47090,64987,False
HTI,Haiti,Other,1.8,1.77,-0.03,211906,260705,False
HUN,Hungary,Hungarian,87.3,85.61,-1.69,8447266,7469563,True
HUN,Hungary,Romani,3.2,4.61,1.41,309636,402665,False
HUN,Hungary,German,1.2,0.88,-0.32,116114,76372,False
HUN,Hungary,Slovak,0.8,0.62,-0.18,77409,53868,False
HUN,Hungary,Ukrainian,1.0,1.11,0.11,96761,96846,False
HUN,Hungary,Chinese,0.4,0.4,0.0,38705,35273,False
HUN,Hungary,Other,6.1,6.77,0.67,590244,590761,False
IDN,Indonesia,Javanese,40.1,41.27,1.17,113678661,132359775,True
IDN,Indonesia,Sundanese,15.5,14.96,-0.54,43940630,47989437,False
IDN,Indonesia,Malay,3.7,4.11,0.41,10489054,13175997,False
IDN,Indonesia,Batak,3.6,3.48,-0.12,10205566,11145934,False
IDN,Indonesia,Madurese,3.0,2.9,-0.1,8504638,9288278,False
IDN,Indonesia,Betawi,2.9,2.8,-0.1,8221150,8978669,False
IDN,Indonesia,Minangkabau,2.7,2.61,-0.09,7654174,8359450,False
IDN,Indonesia,Bugis,2.7,2.61,-0.09,7654174,8359450,False
IDN,Indonesia,Bantenese,2.0,1.93,-0.07,5669759,6192185,False
IDN,Indonesia,Banjarese,1.7,1.64,-0.06,4819295,5263358,False
IDN,Indonesia,Balinese,1.7,1.64,-0.06,4819295,5263358,False
IDN,Indonesia,Acehnese,1.4,1.35,-0.05,3968831,4334530,False
IDN,Indonesia,Dayak,1.4,1.55,0.15,3968831,4985512,False
IDN,Indonesia,Sasak,1.3,1.25,-0.05,3685343,4024921,False
IDN,Indonesia,Chinese Indonesian,1.2,1.16,-0.04,3401855,3715311,False
IDN,Indonesia,Other,15.1,14.74,-0.36,42806678,47276778,False
IND,India,Hindi-speaking (North/Central Indo-Aryan),43.6,44.23,0.63,632608002,742817341,True
IND,India,Bengali,8.3,7.93,-0.37,120427670,133261683,False
IND,India,Marathi,6.9,6.6,-0.3,100114569,110783809,False
IND,India,Telugu (Dravidian),6.7,6.4,-0.3,97212698,107572684,False
IND,India,Tamil (Dravidian),5.7,5.45,-0.25,82703340,91517060,False
IND,India,Gujarati,4.6,4.4,-0.2,66743046,73855873,False
IND,India,Urdu-speaking (Muslim),4.2,5.57,1.37,60939303,93538685,False
IND,India,Kannada (Dravidian),3.6,3.44,-0.16,52233688,57800248,False
IND,India,Odia,3.1,2.96,-0.14,44979009,49772436,False
IND,India,Malayalam (Dravidian),2.9,2.77,-0.13,42077138,46561311,False
IND,India,Punjabi,2.7,2.58,-0.12,39175266,43350186,False
IND,India,Assamese,1.3,1.24,-0.06,18862165,20872312,False
IND,India,Other Indo-Aryan,3.0,2.87,-0.13,43528074,48166873,False
IND,India,Other Dravidian,0.5,0.48,-0.02,7254679,8027812,False
IND,India,Scheduled Tribes (Adivasi),2.0,2.21,0.21,29018716,37078378,False
IND,India,Other,0.9,0.87,-0.03,13058422,14612573,False
IRL,Ireland,Irish,76.6,74.97,-1.63,4025342,4475665,True
IRL,Ireland,Other White British,10.2,10.63,0.43,536012,634376,False
IRL,Ireland,Polish,3.0,3.26,0.26,157650,194910,False
IRL,Ireland,Other EU (Romanian/Lithuanian),4.0,4.35,0.35,210201,259879,False
IRL,Ireland,Indian,0.9,0.98,0.08,47295,58473,False
IRL,Ireland,Nigerian,0.5,0.56,0.06,26275,33234,False
IRL,Ireland,Filipino,0.7,0.76,0.06,36785,45479,False
IRL,Ireland,Asian (other),1.7,1.85,0.15,89335,110449,False
IRL,Ireland,African (other),1.1,1.22,0.12,57805,73115,False
IRL,Ireland,Other,1.3,1.41,0.11,68315,84461,False
IRN,Iran,Persian,59.0,57.56,-1.44,54024965,58627846,True
IRN,Iran,Azeri,16.0,14.92,-1.08,14650838,15202174,False
IRN,Iran,Kurd,10.0,12.53,2.53,9156774,12762133,False
IRN,Iran,Lur,6.0,5.6,-0.4,5494064,5700815,False
IRN,Iran,Gilaki/Mazandarani,2.5,2.33,-0.17,2289193,2375340,False
IRN,Iran,Baloch,2.2,2.4,0.2,2014490,2447399,False
IRN,Iran,Arab,2.0,2.51,0.51,1831355,2552427,False
IRN,Iran,Turkmen,1.5,1.4,-0.1,1373516,1425204,False
IRN,Iran,Other,0.8,0.75,-0.05,732542,768657,False
IRQ,Iraq,Arab (Shia),55.0,56.91,1.91,25323108,40933678,True
IRQ,Iraq,Arab (Sunni),18.0,17.78,-0.22,8287563,12788854,False
IRQ,Iraq,Kurdish,18.0,17.78,-0.22,8287563,12788854,False
IRQ,Iraq,Turkmen,2.0,1.8,-0.2,920840,1294226,False
IRQ,Iraq,Assyrian/Chaldean,1.0,0.8,-0.2,460420,573571,False
IRQ,Iraq,Yazidi,0.5,0.45,-0.05,230210,323557,False
IRQ,Iraq,Other,5.5,4.49,-1.01,2532311,3226018,False
ISL,Iceland,Icelandic,81.3,79.6,-1.7,319837,344669,True
ISL,Iceland,Polish,5.6,6.11,0.51,22031,26451,False
ISL,Iceland,Danish,1.0,1.09,0.09,3934,4723,False
ISL,Iceland,Lithuanian,0.7,0.76,0.06,2754,3306,False
ISL,Iceland,Filipino,0.6,0.65,0.05,2360,2834,False
ISL,Iceland,Other European,6.0,6.55,0.55,23604,28341,False
ISL,Iceland,Other,4.8,5.24,0.44,18883,22673,False
ISR,Israel,Jewish (Haredi/Orthodox),14.0,28.67,14.67,1314182,3753686,False
ISR,Israel,Jewish (Non-Haredi),59.2,44.85,-14.35,5557113,5872004,True
ISR,Israel,Arab Muslim (incl. Bedouin),16.8,16.91,0.11,1577019,2214094,False
ISR,Israel,Arab Christian,1.7,1.27,-0.43,159579,165886,False
ISR,Israel,Druze,1.6,1.23,-0.37,150192,161559,False
ISR,Israel,Other (incl. migrant workers),6.7,7.07,0.37,628930,925493,False
ITA,Italy,Italian,88.5,84.41,-4.09,52518440,43801306,True
ITA,Italy,Romanian,2.0,2.52,0.52,1186857,1307507,False
ITA,Italy,Albanian,1.5,1.64,0.14,890143,850297,False
ITA,Italy,Moroccan,1.2,2.43,1.23,712114,1262066,False
ITA,Italy,Chinese,0.8,0.78,-0.02,474743,405792,False
ITA,Italy,Ukrainian,0.7,0.76,0.06,415400,396805,False
ITA,Italy,Indian,0.5,1.06,0.56,296714,551329,False
ITA,Italy,Filipino,0.5,0.55,0.05,296714,283432,False
ITA,Italy,Egyptian,0.4,0.82,0.42,237371,427184,False
ITA,Italy,Bangladeshi,0.4,0.88,0.48,237371,459086,False
ITA,Italy,Pakistani,0.3,0.64,0.34,178029,332328,False
ITA,Italy,Nigerian,0.3,0.33,0.03,178029,170059,False
ITA,Italy,Sri Lankan,0.3,0.33,0.03,178029,170059,False
ITA,Italy,Moldovan,0.4,0.44,0.04,237371,226746,False
ITA,Italy,Other,2.2,2.4,0.2,1305543,1247102,False
JAM,Jamaica,Black (African descent),92.1,92.17,0.07,2614887,2262725,True
JAM,Jamaica,Mixed,6.1,6.0,-0.1,173190,147332,False
JAM,Jamaica,East Indian,0.8,0.78,-0.02,22713,19107,False
JAM,Jamaica,Other,1.0,1.05,0.05,28392,25780,False
JOR,Jordan,Transjordanian Arab,40.0,43.42,3.42,4621154,7107181,True
JOR,Jordan,Jordanian of Palestinian origin,30.0,27.49,-2.51,3465866,4499142,False
JOR,Jordan,Palestinian,7.0,6.41,-0.59,808702,1049800,False
JOR,Jordan,Syrian,13.0,13.26,0.26,1501875,2170751,False
JOR,Jordan,Egyptian,7.0,7.14,0.14,808702,1168866,False
JOR,Jordan,Other Arab,1.5,1.21,-0.29,173293,198687,False
JOR,Jordan,Circassian/Chechen/Armenian,1.5,1.06,-0.44,173293,172928,False
JPN,Japan,Japanese,97.4,96.51,-0.89,120535462,101450445,True
JPN,Japan,Chinese,0.8,1.03,0.23,990024,1081004,False
JPN,Japan,Korean,0.4,0.28,-0.12,495012,296846,False
JPN,Japan,Filipino,0.4,0.78,0.38,495012,819044,False
JPN,Japan,Vietnamese,0.3,0.58,0.28,371259,606608,False
JPN,Japan,Brazilian (Nikkei),0.2,0.25,0.05,247506,266439,False
JPN,Japan,Other,0.5,0.57,0.07,618765,602779,False
KAZ,Kazakhstan,Kazakh,70.4,74.14,3.74,14497172,19679276,True
KAZ,Kazakhstan,Russian,15.5,12.23,-3.27,3191849,3246089,False
KAZ,Kazakhstan,Uzbek,3.2,3.25,0.05,658962,863060,False
KAZ,Kazakhstan,Ukrainian,2.0,1.58,-0.42,411851,418850,False
KAZ,Kazakhstan,Uyghur,1.5,1.52,0.02,308889,404559,False
KAZ,Kazakhstan,German,1.1,0.84,-0.26,226518,223027,False
KAZ,Kazakhstan,Other,6.3,6.44,0.14,1297332,1709404,False
KEN,Kenya,Kikuyu,17.1,18.94,1.84,9650034,15833345,True
KEN,Kenya,Luhya,14.3,13.71,-0.59,8069911,11457476,False
KEN,Kenya,Kalenjin,13.4,12.84,-0.56,7562015,10736376,False
KEN,Kenya,Luo,10.7,10.26,-0.44,6038325,8573076,False
KEN,Kenya,Kamba,10.1,9.68,-0.42,5699728,8092343,False
KEN,Kenya,Somali,6.8,8.03,1.23,3837440,6716602,False
KEN,Kenya,Kisii,5.7,5.46,-0.24,3216678,4566966,False
KEN,Kenya,Mijikenda,5.2,4.98,-0.22,2934513,4166355,False
KEN,Kenya,Meru,4.2,4.03,-0.17,2370184,3365133,False
KEN,Kenya,Turkana,2.5,2.4,-0.1,1410824,2003055,False
KEN,Kenya,Maasai,2.2,2.11,-0.09,1241525,1762689,False
KEN,Kenya,Other,7.8,7.56,-0.24,4401770,6319817,False
KGZ,Kyrgyzstan,Kyrgyz,73.8,75.82,2.02,5303278,7311709,True
KGZ,Kyrgyzstan,Uzbek,14.8,14.69,-0.11,1063530,1416309,False
KGZ,Kyrgyzstan,Russian,5.9,4.59,-1.31,423975,442232,False
KGZ,Kyrgyzstan,Dungan,1.1,0.97,-0.13,79046,93697,False
KGZ,Kyrgyzstan,Other,4.4,3.93,-0.47,316185,379002,False
KHM,Cambodia,Khmer,92.3,91.18,-1.12,16280616,19997190,True
KHM,Cambodia,Vietnamese,4.7,5.12,0.42,829024,1122762,False
KHM,Cambodia,Cham (Muslim),2.0,2.59,0.59,352776,567863,False
KHM,Cambodia,Chinese (Khmer-Chen),0.5,0.51,0.01,88194,111738,False
KHM,Cambodia,Tampuan/Jarai (indigenous uplands),0.4,0.5,0.1,70555,110605,False
KHM,Cambodia,Other,0.1,0.1,-0.0,17639,21296,False
KIR,Kiribati,I-Kiribati,95.8,95.86,0.06,128871,175081,True
KIR,Kiribati,Mixed / Other,4.2,4.14,-0.06,5650,7554,False
KNA,Saint Kitts & Nevis,African descent,92.5,92.88,0.38,43352,41120,True
KNA,Saint Kitts & Nevis,Mixed,3.0,2.96,-0.04,1406,1311,False
KNA,Saint Kitts & Nevis,European,2.1,1.68,-0.42,984,744,False
KNA,Saint Kitts & Nevis,Indian,1.5,1.46,-0.04,703,648,False
KNA,Saint Kitts & Nevis,Other,0.9,1.02,0.12,422,450,False
KOR,South Korea,Korean,96.3,93.78,-2.52,49804036,42333616,True
KOR,South Korea,Chinese (incl. Korean-Chinese),1.5,1.71,0.21,775764,772524,False
KOR,South Korea,Vietnamese,0.4,0.46,0.06,206870,206006,False
KOR,South Korea,Thai,0.3,0.34,0.04,155153,154505,False
KOR,South Korea,Filipino,0.2,0.23,0.03,103435,103003,False
KOR,South Korea,Other (incl. foreign workers),1.3,3.49,2.19,672329,1573480,False
KWT,Kuwait,Kuwaiti,31.0,31.63,0.63,1529697,2013884,True
KWT,Kuwait,Indian,14.0,13.44,-0.56,690831,855675,False
KWT,Kuwait,Egyptian,10.0,11.25,1.25,493451,716289,False
KWT,Kuwait,Bangladeshi,8.0,7.68,-0.32,394761,488957,False
KWT,Kuwait,Pakistani,6.0,5.76,-0.24,296070,366718,False
KWT,Kuwait,Filipino,5.0,4.8,-0.2,246725,305598,False
KWT,Kuwait,Syrian,3.0,3.37,0.37,148035,214887,False
KWT,Kuwait,Nepali,2.0,1.92,-0.08,98690,122239,False
KWT,Kuwait,Other foreign,21.0,20.16,-0.84,1036247,1283512,False
LAO,Laos,Lao (Lao Lum),53.2,53.65,0.45,4133546,5234485,True
LAO,Laos,Khmou,11.0,10.56,-0.44,854681,1030799,False
LAO,Laos,Hmong,9.2,10.08,0.88,714824,983111,False
LAO,Laos,Phouthay (Lao Tai),3.4,3.27,-0.13,264174,318611,False
LAO,Laos,Tai,3.1,2.98,-0.12,240865,290498,False
LAO,Laos,Makong,2.5,2.4,-0.1,194246,234273,False
LAO,Laos,Katong (Lao Theung),2.2,2.11,-0.09,170936,206160,False
LAO,Laos,Other,15.4,14.96,-0.44,1196553,1459348,False
LBN,Lebanon,Lebanese Arab (Sunni Muslim),27.0,26.5,-0.5,1567610,1854576,False
LBN,Lebanon,Lebanese Arab (Shia Muslim),33.0,34.96,1.96,1915967,2446854,True
LBN,Lebanon,Lebanese Arab (Maronite Christian),21.0,20.38,-0.62,1219252,1426397,False
LBN,Lebanon,Lebanese Arab (Orthodox/Greek Catholic Christian),9.0,8.73,-0.27,522537,611313,False
LBN,Lebanon,Druze,5.0,4.91,-0.09,290298,343440,False
LBN,Lebanon,Armenian,4.0,3.34,-0.66,232238,233594,False
LBN,Lebanon,Syrian refugee,0.6,0.76,0.16,34836,53396,False
LBN,Lebanon,Palestinian refugee,0.2,0.23,0.03,11612,15801,False
LBN,Lebanon,Other,0.2,0.2,-0.0,11612,13892,False
LBR,Liberia,Kpelle,20.3,19.73,-0.57,1139401,1758187,False
LBR,Liberia,Bassa,13.4,13.02,-0.38,752117,1160577,False
LBR,Liberia,Grebo,10.0,9.72,-0.28,561281,866102,False
LBR,Liberia,Gio,8.0,7.78,-0.22,449025,692882,False
LBR,Liberia,Mano,7.9,7.68,-0.22,443412,684221,False
LBR,Liberia,Kru,6.0,5.83,-0.17,336769,519661,False
LBR,Liberia,Lorma,4.8,4.67,-0.13,269415,415729,False
LBR,Liberia,Kissi,4.6,4.47,-0.13,258189,398407,False
LBR,Liberia,Gola,4.4,4.28,-0.12,246964,381085,False
LBR,Liberia,Other,20.6,22.82,2.22,1156239,2033683,True
LBY,Libya,Arab (Sunni),88.0,87.91,-0.09,6495306,8140646,True
LBY,Libya,Amazigh (Berber),4.0,3.88,-0.12,295241,359244,False
LBY,Libya,Tuareg,2.5,2.42,-0.08,184526,224527,False
LBY,Libya,Tebu,2.0,1.94,-0.06,147621,179622,False
LBY,Libya,Sub-Saharan migrant,2.0,2.2,0.2,147621,203755,False
LBY,Libya,Other,1.5,1.65,0.15,110715,152816,False
LCA,Saint Lucia,Black/African descent,85.3,85.36,0.06,153328,146892,True
LCA,Saint Lucia,Mixed,10.9,10.7,-0.2,19593,18412,False
LCA,Saint Lucia,East Indian,2.2,2.14,-0.06,3955,3675,False
LCA,Saint Lucia,Other,1.6,1.81,0.21,2876,3107,False
LIE,Liechtenstein,Liechtensteiner,66.0,63.79,-2.21,26331,27445,True
LIE,Liechtenstein,Swiss,9.0,9.22,0.22,3591,3966,False
LIE,Liechtenstein,Austrian / German,8.0,8.19,0.19,3192,3525,False
LIE,Liechtenstein,Italian,4.0,4.1,0.1,1596,1763,False
LIE,Liechtenstein,Turkish,3.0,3.92,0.92,1197,1688,False
LIE,Liechtenstein,Other,10.0,10.78,0.78,3990,4637,False
LKA,Sri Lanka,Sinhalese,74.5,74.31,-0.19,17212153,18440201,True
LKA,Sri Lanka,Sri Lankan Tamil,11.2,9.06,-2.14,2587599,2247609,False
LKA,Sri Lanka,Sri Lankan Moor (Muslim),9.2,12.41,3.21,2125528,3079416,False
LKA,Sri Lanka,Indian Tamil,4.2,3.4,-0.8,970350,842853,False
LKA,Sri Lanka,Malay,0.5,0.48,-0.02,115518,119509,False
LKA,Sri Lanka,Burgher (mixed Dutch/Portuguese),0.3,0.24,-0.06,69311,60204,False
LKA,Sri Lanka,Vedda (indigenous),0.1,0.1,-0.0,23104,23902,False
LSO,Lesotho,Sotho (Basotho),99.7,99.67,-0.03,2330416,2983168,True
LSO,Lesotho,Other,0.3,0.33,0.03,7012,9920,False
LTU,Lithuania,Lithuanian,84.6,86.63,2.03,2418809,1956735,True
LTU,Lithuania,Polish,6.5,5.18,-1.32,185842,116930,False
LTU,Lithuania,Russian,5.0,3.98,-1.02,142956,89946,False
LTU,Lithuania,Belarusian,1.0,0.8,-0.2,28591,17989,False
LTU,Lithuania,Other,2.9,3.42,0.52,82914,77166,False
LUX,Luxembourg,Luxembourger,52.9,50.38,-2.52,356039,398708,True
LUX,Luxembourg,Portuguese,16.2,16.76,0.56,109033,132629,False
LUX,Luxembourg,French,7.4,7.65,0.25,49805,60584,False
LUX,Luxembourg,Italian,3.5,3.62,0.12,23556,28654,False
LUX,Luxembourg,Belgian,3.3,3.58,0.28,22210,28349,False
LUX,Luxembourg,German,2.3,2.38,0.08,15480,18830,False
LUX,Luxembourg,Other,14.4,15.63,1.23,96918,123706,False
LVA,Latvia,Latvian,62.7,66.52,3.82,1173665,1007032,True
LVA,Latvia,Russian,24.5,20.02,-4.48,458609,303108,False
LVA,Latvia,Belarusian,3.1,2.53,-0.57,58028,38352,False
LVA,Latvia,Ukrainian,2.2,2.65,0.45,41181,40163,False
LVA,Latvia,Polish,2.0,1.63,-0.37,37437,24744,False
LVA,Latvia,Other,5.5,6.63,1.13,102953,100408,False
MAR,Morocco,Arab,45.0,46.19,1.19,17136529,20063233,True
MAR,Morocco,Arabized Berber,25.0,24.23,-0.77,9520294,10527775,False
MAR,Morocco,Amazigh (Tachelhit),14.0,13.57,-0.43,5331365,5895554,False
MAR,Morocco,Amazigh (Tarifit),5.0,4.85,-0.15,1904059,2105555,False
MAR,Morocco,Amazigh (Tamazight),5.0,4.85,-0.15,1904059,2105555,False
MAR,Morocco,Haratin (sub-Saharan origin),3.5,3.88,0.38,1332841,1685247,False
MAR,Morocco,Sahrawi,1.5,1.45,-0.05,571218,631666,False
MAR,Morocco,Other,1.0,0.98,-0.02,380812,425847,False
MDA,Moldova,Moldovan / Romanian,75.1,76.94,1.84,2279260,1809436,True
MDA,Moldova,Ukrainian,6.6,5.4,-1.2,200308,127072,False
MDA,Moldova,Gagauz,4.6,3.77,-0.83,139608,88565,False
MDA,Moldova,Russian,4.1,3.36,-0.74,124434,78938,False
MDA,Moldova,Bulgarian,1.9,1.56,-0.34,57664,36581,False
MDA,Moldova,Other,7.7,8.98,1.28,233692,211213,False
MDG,Madagascar,Merina,26.0,27.82,1.82,8310890,14794436,True
MDG,Madagascar,Betsimisaraka,15.0,14.57,-0.43,4794744,7748291,False
MDG,Madagascar,Betsileo,12.0,11.65,-0.35,3835795,6198633,False
MDG,Madagascar,Tsimihety,7.0,6.8,-0.2,2237547,3615869,False
MDG,Madagascar,Sakalava,6.0,5.83,-0.17,1917898,3099316,False
MDG,Madagascar,Antandroy,5.0,4.86,-0.14,1598248,2582764,False
MDG,Madagascar,Antaisaka,5.0,4.86,-0.14,1598248,2582764,False
MDG,Madagascar,Antanosy,4.0,3.88,-0.12,1278598,2066211,False
MDG,Madagascar,Other Malagasy,19.0,18.66,-0.34,6073342,9924879,False
MDG,Madagascar,Other (French/Chinese/Indian),1.0,1.08,0.08,319650,572311,False
MDV,Maldives,Maldivian,70.0,67.58,-2.42,369461,398681,True
MDV,Maldives,Bangladeshi expatriate,10.0,10.97,0.97,52780,64725,False
MDV,Maldives,Indian expatriate,6.0,6.58,0.58,31668,38835,False
MDV,Maldives,Chinese expatriate,5.0,5.0,-0.0,26390,29469,False
MDV,Maldives,Sri Lankan expatriate,2.0,2.19,0.19,10556,12945,False
MDV,Maldives,Other,7.0,7.68,0.68,36946,45308,False
MEX,Mexico,Mestizo (Euro/Amerindian mix),62.0,60.13,-1.87,81133821,89560519,True
MEX,Mexico,Amerindian: Nahua,7.4,9.24,1.84,9683714,13760540,False
MEX,Mexico,Amerindian: Maya,6.5,8.11,1.61,8505965,12086961,False
MEX,Mexico,Amerindian: Mixtec,2.4,3.0,0.6,3140664,4462878,False
MEX,Mexico,Amerindian: Zapotec,1.7,2.12,0.42,2224637,3161205,False
MEX,Mexico,Amerindian: Otomi,1.1,1.37,0.27,1439471,2045486,False
MEX,Mexico,Amerindian: Totonac,0.9,1.12,0.22,1177749,1673579,False
MEX,Mexico,Other Amerindian,1.0,1.25,0.25,1308610,1859532,False
MEX,Mexico,White (Spanish/European descent),10.0,7.23,-2.77,13086100,10768756,False
MEX,Mexico,Afro-Mexican,1.5,1.36,-0.14,1962915,2032075,False
MEX,Mexico,Other,5.5,5.06,-0.44,7197355,7534736,False
MHL,Marshall Islands,Marshallese,92.1,91.95,-0.15,34604,23182,True
MHL,Marshall Islands,Mixed,5.9,5.79,-0.11,2217,1460,False
MHL,Marshall Islands,Other,2.0,2.26,0.26,751,570,False
MKD,North Macedonia,Macedonian,58.4,55.61,-2.79,1064638,841206,True
MKD,North Macedonia,Albanian,24.3,26.36,2.06,442992,398690,False
MKD,North Macedonia,Turk,3.9,4.23,0.33,71097,63987,False
MKD,North Macedonia,Romani,2.5,3.5,1.0,45575,52946,False
MKD,North Macedonia,Serb,1.8,1.31,-0.49,32814,19852,False
MKD,North Macedonia,Other,9.1,8.99,-0.11,165894,136004,False
MLI,Mali,Bambara,33.3,34.36,1.06,8151373,15859213,True
MLI,Mali,Fulani (Peulh),13.3,14.58,1.28,3255653,6728107,False
MLI,Mali,Sarakole,9.6,9.17,-0.43,2349945,4232977,False
MLI,Mali,Senufo,9.6,9.17,-0.43,2349945,4232977,False
MLI,Mali,Dogon,8.7,8.31,-0.39,2129638,3836135,False
MLI,Mali,Malinke,8.7,8.31,-0.39,2129638,3836135,False
MLI,Mali,Bobo,6.7,6.4,-0.3,1640066,2954265,False
MLI,Mali,Songhai,5.9,5.64,-0.26,1444237,2601517,False
MLI,Mali,Other,4.2,4.06,-0.14,1028101,1872755,False
MLT,Malta,Maltese,87.4,85.88,-1.52,471621,460102,True
MLT,Malta,Other European,5.0,5.57,0.57,26981,29843,False
MLT,Malta,North African,1.5,1.75,0.25,8094,9376,False
MLT,Malta,Other,6.1,6.8,0.7,32916,36408,False
MMR,Myanmar,Bamar,68.0,68.15,0.15,37060058,39949495,True
MMR,Myanmar,Shan,9.0,8.68,-0.32,4905008,5089064,False
MMR,Myanmar,Karen,7.0,6.75,-0.25,3815006,3958161,False
MMR,Myanmar,Rakhine,4.0,4.39,0.39,2180003,2572723,False
MMR,Myanmar,Chinese,3.0,3.08,0.08,1635003,1803243,False
MMR,Myanmar,Indian,2.0,2.19,0.19,1090002,1282846,False
MMR,Myanmar,Mon,2.0,1.93,-0.07,1090002,1130903,False
MMR,Myanmar,Chin,1.5,1.45,-0.05,817501,848177,False
MMR,Myanmar,Kachin,1.0,0.96,-0.04,545001,565452,False
MMR,Myanmar,Kayin,1.0,0.96,-0.04,545001,565452,False
MMR,Myanmar,Other,1.5,1.46,-0.04,817501,857716,False
MNE,Montenegro,Montenegrin,45.0,47.14,2.14,287316,251405,True
MNE,Montenegro,Serb,28.7,23.5,-5.2,183244,125321,False
MNE,Montenegro,Bosniak,8.6,9.97,1.37,54909,53178,False
MNE,Montenegro,Albanian,4.9,5.68,0.78,31286,30299,False
MNE,Montenegro,Other,12.8,13.71,0.91,81726,73096,False
MNG,Mongolia,Khalkh,81.9,81.51,-0.39,2846468,3669316,True
MNG,Mongolia,Kazakh,3.8,4.14,0.34,132071,186318,False
MNG,Mongolia,Dorvod,2.7,2.6,-0.1,93840,117173,False
MNG,Mongolia,Bayad,1.9,1.83,-0.07,66035,82455,False
MNG,Mongolia,Buryat,1.7,1.64,-0.06,59084,73776,False
MNG,Mongolia,Other Mongol groups,4.0,3.9,-0.1,139022,175542,False
MNG,Mongolia,Other,4.0,4.37,0.37,139022,196912,False
MOZ,Mozambique,Makhuwa,26.1,25.35,-0.75,9038891,16106510,False
MOZ,Mozambique,Tsonga,11.3,10.98,-0.32,3913390,6973317,False
MOZ,Mozambique,Lomwe,7.8,7.58,-0.22,2701278,4813440,False
MOZ,Mozambique,Sena,7.2,6.99,-0.21,2493487,4443175,False
MOZ,Mozambique,Shona,6.4,6.22,-0.18,2216433,3949489,False
MOZ,Mozambique,Nyanja,5.7,5.54,-0.16,1974011,3517514,False
MOZ,Mozambique,Chopi,3.4,3.3,-0.1,1177480,2098166,False
MOZ,Mozambique,Ngoni,3.0,2.91,-0.09,1038953,1851323,False
MOZ,Mozambique,Shona (Ndau),2.5,2.43,-0.07,865794,1542769,False
MOZ,Mozambique,Other,26.6,28.7,2.1,9212050,18235255,True
MRT,Mauritania,White Moor (Arab-Berber),40.0,40.34,0.34,2067761,3798150,True
MRT,Mauritania,Black Moor (Haratin),25.0,23.63,-1.37,1292351,2224492,False
MRT,Mauritania,Sub-Saharan Mauritanian (Pulaar/Wolof/Soninke),30.0,31.26,1.26,1550821,2943059,False
MRT,Mauritania,Other,5.0,4.78,-0.22,258470,449902,False
MUS,Mauritius,Indo-Mauritian,66.0,67.65,1.65,838973,749032,True
MUS,Mauritius,Creole (African/French),28.0,27.61,-0.39,355928,305661,False
MUS,Mauritius,Sino-Mauritian,3.0,2.09,-0.91,38135,23172,False
MUS,Mauritius,Franco-Mauritian,2.0,1.58,-0.42,25423,17503,False
MUS,Mauritius,Other,1.0,1.07,0.07,12712,11830,False
MWI,Malawi,Chewa,34.3,35.96,1.66,7427764,13435230,True
MWI,Malawi,Lomwe,18.8,18.3,-0.5,4071194,6838221,False
MWI,Malawi,Yao,13.2,12.85,-0.35,2858498,4801304,False
MWI,Malawi,Ngoni,10.4,10.12,-0.28,2252150,3782846,False
MWI,Malawi,Tumbuka,9.2,8.96,-0.24,1992286,3346364,False
MWI,Malawi,Sena,3.8,3.7,-0.1,822901,1382194,False
MWI,Malawi,Mang'anja,3.2,3.12,-0.08,692969,1163953,False
MWI,Malawi,Other,7.1,6.99,-0.11,1537525,2611564,False
MYS,Malaysia,Bumiputera (Malay),57.9,65.02,7.12,20587891,28796059,True
MYS,Malaysia,Chinese (Hokkien/Cantonese/Hakka),22.6,15.32,-7.28,8036033,6783977,False
MYS,Malaysia,Indian (Tamil),6.8,5.94,-0.86,2417922,2629169,False
MYS,Malaysia,Iban (Sarawak),3.0,3.26,0.26,1066730,1443011,False
MYS,Malaysia,Kadazan-Dusun (Sabah),2.0,2.17,0.17,711153,962007,False
MYS,Malaysia,Other Bumiputera (Dayak/Melanau),5.1,5.54,0.44,1813441,2453118,False
MYS,Malaysia,Indonesian migrant workers,0.8,0.85,0.05,284461,376130,False
MYS,Malaysia,Bangladeshi/Nepali migrant,0.6,0.64,0.04,213346,282097,False
MYS,Malaysia,Other,1.2,1.27,0.07,426692,564195,False
NAM,Namibia,Ovambo,50.0,51.46,1.46,1515064,2321924,True
NAM,Namibia,Kavangos,9.0,8.8,-0.2,272711,397061,False
NAM,Namibia,Herero,7.0,6.84,-0.16,212109,308825,False
NAM,Namibia,Damara,7.0,6.84,-0.16,212109,308825,False
NAM,Namibia,Nama,5.0,4.89,-0.11,151506,220589,False
NAM,Namibia,Colored,4.0,3.95,-0.05,121205,178456,False
NAM,Namibia,White (Afrikaner/German),4.0,3.37,-0.63,121205,152026,False
NAM,Namibia,San (Bushmen),3.0,2.97,-0.03,90904,133842,False
NAM,Namibia,Other,11.0,10.88,-0.12,333314,490754,False
NER,Niger,Hausa,53.1,55.99,2.89,14354213,29403277,True
NER,Niger,Songhai,21.2,19.51,-1.69,5730872,10243365,False
NER,Niger,Tuareg,10.4,9.57,-0.83,2811371,5025047,False
NER,Niger,Fulani (Peulh),9.9,9.95,0.05,2676209,5227600,False
NER,Niger,Kanuri (Manga),4.4,4.05,-0.35,1189426,2125981,False
NER,Niger,Other,1.0,0.93,-0.07,270324,488612,False
NGA,Nigeria,Hausa,30.0,34.73,4.73,69803845,124743500,True
NGA,Nigeria,Yoruba,15.5,14.2,-1.3,36065320,51015933,False
NGA,Nigeria,Igbo,15.2,13.93,-1.27,35367281,50028528,False
NGA,Nigeria,Fulani,6.0,6.41,0.41,13960769,23036801,False
NGA,Nigeria,Tiv,2.4,2.2,-0.2,5584308,7899241,False
NGA,Nigeria,Kanuri,2.4,2.2,-0.2,5584308,7899241,False
NGA,Nigeria,Ibibio,1.8,1.65,-0.15,4188231,5924431,False
NGA,Nigeria,Ijaw (Izon),1.8,1.65,-0.15,4188231,5924431,False
NGA,Nigeria,Esan,1.0,0.92,-0.08,2326795,3291351,False
NGA,Nigeria,Bini (Edo),1.0,0.92,-0.08,2326795,3291351,False
NGA,Nigeria,Nupe,0.9,0.82,-0.08,2094115,2962215,False
NGA,Nigeria,Urhobo,0.8,0.73,-0.07,1861436,2633080,False
NGA,Nigeria,Igala,0.7,0.64,-0.06,1628756,2303945,False
NGA,Nigeria,Other,20.5,19.0,-1.5,47699294,68231508,False
NIC,Nicaragua,Mestizo,69.0,71.08,2.08,4772134,6224083,True
NIC,Nicaragua,White,17.0,13.39,-3.61,1175743,1172204,False
NIC,Nicaragua,Black (Creole),5.0,4.96,-0.04,345807,434627,False
NIC,Nicaragua,Miskito (Amerindian),4.0,5.24,1.24,276645,459128,False
NIC,Nicaragua,Other Amerindian,1.0,1.31,0.31,69161,114782,False
NIC,Nicaragua,Other,4.0,4.02,0.02,276645,351612,False
NLD,Netherlands,Dutch,75.4,71.81,-3.59,13744470,13613234,True
NLD,Netherlands,Other EU,6.4,6.76,0.36,1166639,1281757,False
NLD,Netherlands,Turkish,2.4,2.88,0.48,437490,546176,False
NLD,Netherlands,Moroccan,2.3,2.97,0.67,419261,562833,False
NLD,Netherlands,Surinamese,2.1,1.94,-0.16,382804,367454,False
NLD,Netherlands,Indonesian,2.0,1.85,-0.15,364575,349956,False
NLD,Netherlands,Antillean/Aruban,0.7,0.65,-0.05,127601,122485,False
NLD,Netherlands,Syrian,0.6,1.24,0.64,109372,234589,False
NLD,Netherlands,Chinese,0.5,0.48,-0.02,91144,90716,False
NLD,Netherlands,Iraqi,0.4,0.51,0.11,72915,96164,False
NLD,Netherlands,Polish,1.5,2.31,0.81,273431,438067,False
NLD,Netherlands,German,1.2,1.21,0.01,218745,229020,False
NLD,Netherlands,Somali,0.7,1.4,0.7,127601,264974,False
NLD,Netherlands,Afghan,0.5,0.53,0.03,91144,100137,False
NLD,Netherlands,Other,3.3,3.49,0.19,601548,660906,False
NOR,Norway,Norwegian,81.5,79.3,-2.2,4544975,4678633,True
NOR,Norway,Other Nordic/European,5.9,6.13,0.23,329023,361666,False
NOR,Norway,Polish,2.1,2.29,0.19,117110,135085,False
NOR,Norway,Swedish,1.0,1.09,0.09,55767,64326,False
NOR,Norway,Syrian,1.1,1.44,0.34,61343,84939,False
NOR,Norway,Iraqi,0.8,1.05,0.25,44613,61774,False
NOR,Norway,Somali,0.7,1.13,0.43,39037,66816,False
NOR,Norway,Pakistani,0.9,1.01,0.11,50190,59652,False
NOR,Norway,Eritrean,0.5,0.56,0.06,27883,33140,False
NOR,Norway,Vietnamese,0.5,0.55,0.05,27883,32163,False
NOR,Norway,Filipino,0.6,0.65,0.05,33460,38596,False
NOR,Norway,Other,4.4,4.8,0.4,245373,283036,False
NPL,Nepal,Chhetri,16.6,15.62,-0.98,4922075,5411455,False
NPL,Nepal,Bahun,12.2,11.48,-0.72,3617429,3977093,False
NPL,Nepal,Magar,7.1,6.68,-0.42,2105225,2314538,False
NPL,Nepal,Tharu,6.6,7.17,0.57,1956970,2484354,False
NPL,Nepal,Tamang,5.8,5.46,-0.34,1719761,1890749,False
NPL,Nepal,Newar,5.0,4.71,-0.29,1482553,1629956,False
NPL,Nepal,Kami (Dalit),4.8,4.52,-0.28,1423251,1564758,False
NPL,Nepal,Muslim (Madhesi),4.4,5.74,1.34,1304646,1989635,False
NPL,Nepal,Yadav,4.0,4.35,0.35,1186042,1505669,False
NPL,Nepal,Rai,2.3,2.16,-0.14,681974,749780,False
NPL,Nepal,Gurung,2.0,1.88,-0.12,593021,651982,False
NPL,Nepal,Damai/Dholi,1.8,1.69,-0.11,533719,586784,False
NPL,Nepal,Thakuri,1.6,1.51,-0.09,474417,521586,False
NPL,Nepal,Limbu,1.5,1.41,-0.09,444766,488987,False
NPL,Nepal,Sarki,1.4,1.32,-0.08,415115,456388,False
NPL,Nepal,Teli,1.1,1.04,-0.06,326162,358590,False
NPL,Nepal,Chamar,1.0,0.94,-0.06,296511,325991,False
NPL,Nepal,Koiri,1.0,0.94,-0.06,296511,325991,False
NPL,Nepal,Other,19.8,21.38,1.58,5870909,7407734,True
NRU,Nauru,Nauruan,88.0,87.02,-0.98,10532,13731,True
NRU,Nauru,Other Pacific Islander,8.0,8.87,0.87,957,1399,False
NRU,Nauru,Chinese / Asian,4.0,4.12,0.12,479,649,False
NZL,New Zealand,European,59.0,51.4,-7.6,3076226,2958221,True
NZL,New Zealand,Maori,15.6,18.0,2.4,813375,1036059,False
NZL,New Zealand,Asian,13.4,17.89,4.49,698668,1029615,False
NZL,New Zealand,Pacific peoples,7.7,8.89,1.19,401474,511388,False
NZL,New Zealand,MELAA (ME/LatAm/African),1.9,1.83,-0.07,99065,105068,False
NZL,New Zealand,Other,2.4,2.0,-0.4,125135,114927,False
OMN,Oman,Omani,55.6,56.15,0.55,2936537,4394552,True
OMN,Oman,Indian,14.8,14.49,-0.31,781668,1134103,False
OMN,Oman,Bangladeshi,6.0,5.87,-0.13,316893,459771,False
OMN,Oman,Pakistani,5.0,4.9,-0.1,264077,383143,False
OMN,Oman,Filipino,3.0,2.94,-0.06,158446,229886,False
OMN,Oman,Egyptian,3.0,3.32,0.32,158446,260024,False
OMN,Oman,Sri Lankan,2.0,1.96,-0.04,105631,153257,False
OMN,Oman,Nepali,1.5,1.47,-0.03,79223,114943,False
OMN,Oman,Other foreign,9.1,8.91,-0.19,480620,697320,False
PAK,Pakistan,Punjabi,44.7,45.35,0.65,112317315,168648369,True
PAK,Pakistan,Pashtun,15.4,16.43,1.03,38695451,61078932,False
PAK,Pakistan,Sindhi,14.1,13.5,-0.6,35428952,50206045,False
PAK,Pakistan,Saraiki,8.4,8.04,-0.36,21106609,29909984,False
PAK,Pakistan,Muhajir (Urdu-speaking),7.6,7.28,-0.32,19096456,27061414,False
PAK,Pakistan,Baloch,3.6,3.45,-0.15,9045690,12818565,False
PAK,Pakistan,Hindko,2.4,2.3,-0.1,6030460,8545710,False
PAK,Pakistan,Brahui,1.2,1.15,-0.05,3015230,4272855,False
PAK,Pakistan,Pahari-Potwari,1.0,0.96,-0.04,2512692,3560712,False
PAK,Pakistan,Other,1.6,1.55,-0.05,4020307,5761212,False
PAN,Panama,Mestizo,60.0,59.42,-0.58,2709346,3345606,True
PAN,Panama,Indigenous (Ngabe/Guna),12.3,15.59,3.29,555416,877750,False
PAN,Panama,West Indian (Antillean),9.2,8.72,-0.48,415433,491087,False
PAN,Panama,White,6.7,4.96,-1.74,302544,279548,False
PAN,Panama,Mulatto/Afro-Panamanian,8.0,7.58,-0.42,361246,427032,False
PAN,Panama,Chinese-Panamanian,1.2,1.14,-0.06,54187,64055,False
PAN,Panama,Venezuelan migrant,0.8,0.86,0.06,36125,48441,False
PAN,Panama,Other,1.8,1.73,-0.07,81280,97163,False
PER,Peru,Mestizo,60.2,59.1,-1.1,20599146,23983520,True
PER,Peru,Quechua,16.5,17.9,1.4,5645945,7265433,False
PER,Peru,Aymara,4.0,4.34,0.34,1368714,1761317,False
PER,Peru,Other Amerindian (Amazonian),5.3,6.71,1.41,1813546,2724054,False
PER,Peru,White,5.9,4.29,-1.61,2018853,1741388,False
PER,Peru,Afro-Peruvian,3.6,3.38,-0.22,1231843,1372829,False
PER,Peru,Other,4.5,4.28,-0.22,1539803,1735336,False
PHL,Philippines,Tagalog,28.1,29.8,1.7,32552069,40040089,True
PHL,Philippines,Cebuano,13.1,12.47,-0.63,15175520,16754867,False
PHL,Philippines,Ilocano,9.0,8.57,-0.43,10425930,11510977,False
PHL,Philippines,Hiligaynon (Ilonggo),7.6,7.23,-0.37,8804118,9720381,False
PHL,Philippines,Bicolano,6.0,5.71,-0.29,6950620,7673985,False
PHL,Philippines,Waray,3.4,3.24,-0.16,3938685,4348591,False
PHL,Philippines,Kapampangan,3.4,3.24,-0.16,3938685,4348591,False
PHL,Philippines,Pangasinan,1.5,1.43,-0.07,1737655,1918496,False
PHL,Philippines,Muslim (Moro/Bangsamoro),5.0,6.28,1.28,5792183,8439018,False
PHL,Philippines,Other,22.9,22.04,-0.86,26528199,29618437,False
PLW,Palau,Palauan,66.3,64.09,-2.21,11748,9958,True
PLW,Palau,Filipino,12.6,13.61,1.01,2233,2115,False
PLW,Palau,Chinese,5.7,5.66,-0.04,1010,879,False
PLW,Palau,Other,15.4,16.64,1.24,2729,2585,False
PNG,Papua New Guinea,Papuan / Melanesian (highlands),48.0,48.88,0.88,5076724,7286899,True
PNG,Papua New Guinea,Papuan / Melanesian (coastal & islands),36.0,34.75,-1.25,3807543,5179330,False
PNG,Papua New Guinea,Polynesian (Bougainville/outer islands),6.0,5.79,-0.21,634591,863222,False
PNG,Papua New Guinea,Chinese,0.2,0.21,0.01,21153,30916,False
PNG,Papua New Guinea,European,0.2,0.22,0.02,21153,32640,False
PNG,Papua New Guinea,Mixed (Euro-Pacific),3.0,2.93,-0.07,317295,436465,False
PNG,Papua New Guinea,Other,6.6,7.23,0.63,698050,1077120,False
POL,Poland,Polish,95.2,94.79,-0.41,36689327,31104186,True
POL,Poland,Silesian,1.1,1.07,-0.03,423931,349690,False
POL,Poland,German,0.2,0.14,-0.06,77078,47130,False
POL,Poland,Ukrainian,2.0,2.29,0.29,770784,750334,False
POL,Poland,Belarusian,0.4,0.46,0.06,154157,150067,False
POL,Poland,Russian,0.3,0.34,0.04,115618,112550,False
POL,Poland,Vietnamese,0.3,0.34,0.04,115618,112550,False
POL,Poland,Other,0.5,0.57,0.07,192696,187584,False
PRT,Portugal,Portuguese,89.0,87.78,-1.22,9278509,8576600,True
PRT,Portugal,Brazilian,4.2,4.69,0.49,437862,457922,False
PRT,Portugal,African (PALOP - Angolan/Cape Verdean),2.8,3.2,0.4,291908,312455,False
PRT,Portugal,Other EU (UK/French/Italian),1.5,1.6,0.1,156379,155849,False
PRT,Portugal,Chinese,0.5,0.51,0.01,52126,49386,False
PRT,Portugal,Nepali,0.3,0.33,0.03,31276,32709,False
PRT,Portugal,Ukrainian,0.3,0.33,0.03,31276,32709,False
PRT,Portugal,Other,1.4,1.56,0.16,145954,152641,False
PRY,Paraguay,Mestizo (mestizo-criollo),91.0,91.06,0.06,6305528,7868309,True
PRY,Paraguay,White (European descent),4.0,3.11,-0.89,277166,268373,False
PRY,Paraguay,Indigenous (Guarani/Guaiku),2.5,3.19,0.69,173229,275835,False
PRY,Paraguay,Brazilian (Brasiguayo),1.5,1.65,0.15,103937,142979,False
PRY,Paraguay,Other,1.0,0.98,-0.02,69292,84975,False
PSE,Palestine,Palestinian Arab (Sunni Muslim),97.0,97.33,0.33,5330584,8226504,True
PSE,Palestine,Palestinian Christian,1.5,1.26,-0.24,82432,106176,False
PSE,Palestine,Druze,0.5,0.47,-0.03,27477,39443,False
PSE,Palestine,Other,1.0,0.94,-0.06,54954,79773,False
QAT,Qatar,Qatari,11.6,10.76,-0.84,353618,448006,False
QAT,Qatar,Indian,17.4,16.72,-0.68,530427,696232,False
QAT,Qatar,Bangladeshi,13.5,12.97,-0.53,411538,540180,False
QAT,Qatar,Nepali,7.6,7.3,-0.3,231681,304101,False
QAT,Qatar,Egyptian,8.5,9.46,0.96,259116,393910,False
QAT,Qatar,Filipino,7.3,7.01,-0.29,222535,292097,False
QAT,Qatar,Sri Lankan,4.0,3.84,-0.16,121937,160053,False
QAT,Qatar,Pakistani,4.0,3.84,-0.16,121937,160053,False
QAT,Qatar,Other Arab,3.0,3.34,0.34,91453,139027,False
QAT,Qatar,Other foreign,23.1,24.75,1.65,704187,1030806,True
ROU,Romania,Romanian,88.5,88.11,-0.39,16828360,14121776,True
ROU,Romania,Hungarian,6.0,4.75,-1.25,1140906,761693,False
ROU,Romania,Romani,3.4,4.91,1.51,646513,787149,False
ROU,Romania,Ukrainian,0.5,0.57,0.07,95075,90733,False
ROU,Romania,German,0.4,0.3,-0.1,76060,48159,False
ROU,Romania,Other,1.2,1.36,0.16,228181,217760,False
RUS,Russia,Russian,80.9,79.37,-1.53,117159721,108043428,True
RUS,Russia,Tatar,3.9,4.39,0.49,5647996,5972147,False
RUS,Russia,Ukrainian,1.4,1.08,-0.32,2027486,1467850,False
RUS,Russia,Bashkir,1.1,1.24,0.14,1593025,1684452,False
RUS,Russia,Chechen,1.0,1.12,0.12,1448204,1531320,False
RUS,Russia,Chuvash,1.0,0.77,-0.23,1448204,1048464,False
RUS,Russia,Other,10.7,12.04,1.34,15495785,16385122,False
RWA,Rwanda,Hutu,85.0,85.39,0.39,12118087,19389182,True
RWA,Rwanda,Tutsi,14.0,13.64,-0.36,1995920,3097475,False
RWA,Rwanda,Twa,1.0,0.97,-0.03,142566,221248,False
SAU,Saudi Arabia,Saudi Arab,58.4,61.26,2.86,19834247,29216921,True
SAU,Saudi Arabia,Bangladeshi,4.8,4.37,-0.43,1630212,2084016,False
SAU,Saudi Arabia,Indian,4.4,4.01,-0.39,1494361,1910348,False
SAU,Saudi Arabia,Pakistani,3.9,3.55,-0.35,1324547,1693263,False
SAU,Saudi Arabia,Filipino,2.7,2.46,-0.24,916994,1172259,False
SAU,Saudi Arabia,Egyptian,2.4,2.47,0.07,815106,1178616,False
SAU,Saudi Arabia,Yemeni,2.2,2.27,0.07,747181,1080398,False
SAU,Saudi Arabia,Sudanese,1.5,1.54,0.04,509441,736635,False
SAU,Saudi Arabia,Syrian,1.2,1.24,0.04,407553,589308,False
SAU,Saudi Arabia,Nepali,1.0,0.91,-0.09,339628,434170,False
SAU,Saudi Arabia,Sri Lankan,0.8,0.73,-0.07,271702,347336,False
SAU,Saudi Arabia,Other foreign,16.7,15.2,-1.5,5671779,7250640,False
SDN,Sudan,Sudanese Arab,70.0,70.55,0.55,35314272,60115451,True
SDN,Sudan,Beja,6.0,5.83,-0.17,3026938,4965447,False
SDN,Sudan,Fur,5.0,4.86,-0.14,2522448,4137872,False
SDN,Sudan,Nubian,5.0,4.86,-0.14,2522448,4137872,False
SDN,Sudan,Zaghawa,3.0,2.91,-0.09,1513469,2482723,False
SDN,Sudan,Nuba,2.5,2.43,-0.07,1261224,2068936,False
SDN,Sudan,Masalit,2.0,1.94,-0.06,1008979,1655149,False
SDN,Sudan,Fellata (Fulani),1.5,1.71,0.21,756734,1458523,False
SDN,Sudan,Other,5.0,4.91,-0.09,2522448,4184408,False
SEN,Senegal,Wolof,39.7,41.23,1.53,7345289,12517959,True
SEN,Senegal,Pular (Fula),27.5,26.78,-0.72,5088047,8131139,False
SEN,Senegal,Serer,16.0,15.58,-0.42,2960318,4730845,False
SEN,Senegal,Mandinka,4.9,4.77,-0.13,906597,1448821,False
SEN,Senegal,Jola,4.2,4.09,-0.11,777083,1241847,False
SEN,Senegal,Soninke,2.4,2.34,-0.06,444048,709627,False
SEN,Senegal,Other,5.3,5.22,-0.08,980605,1584716,False
SGP,Singapore,Chinese,74.3,70.82,-3.48,4333464,4307026,True
SGP,Singapore,Malay,13.5,16.34,2.84,787372,993583,False
SGP,Singapore,Indian,9.0,8.8,-0.2,524915,535472,False
SGP,Singapore,Filipino,0.7,1.17,0.47,40827,70987,False
SGP,Singapore,Malaysian,0.6,0.71,0.11,34994,42940,False
SGP,Singapore,Thai,0.3,0.35,0.05,17497,21470,False
SGP,Singapore,Indonesian,0.4,0.47,0.07,23330,28627,False
SGP,Singapore,White (Western expatriates),0.5,0.52,0.02,29162,31493,False
SGP,Singapore,Other,0.7,0.82,0.12,40827,50096,False
SLB,Solomon Islands,Melanesian,95.3,95.37,0.07,780703,1248510,True
SLB,Solomon Islands,Polynesian,3.1,3.02,-0.08,25395,39519,False
SLB,Solomon Islands,Micronesian,1.2,1.17,-0.03,9830,15298,False
SLB,Solomon Islands,Other,0.4,0.44,0.04,3277,5784,False
SLE,Sierra Leone,Temne,35.5,37.11,1.61,3067920,4805184,True
SLE,Sierra Leone,Mende,33.2,32.31,-0.89,2869154,4183051,False
SLE,Sierra Leone,Limba,6.4,6.23,-0.17,553090,806371,False
SLE,Sierra Leone,Kono,4.4,4.28,-0.12,380249,554380,False
SLE,Sierra Leone,Krio (Creole),3.4,3.31,-0.09,293829,428385,False
SLE,Sierra Leone,Koranko,2.9,2.82,-0.08,250619,365387,False
SLE,Sierra Leone,Sherbro,2.6,2.53,-0.07,224693,327588,False
SLE,Sierra Leone,Other,11.6,11.41,-0.19,1002475,1477985,False
SLV,El Salvador,Mestizo,86.3,89.16,2.86,5469864,5941218,True
SLV,El Salvador,White,12.7,9.75,-2.95,804951,649880,False
SLV,El Salvador,Indigenous (Nahua-Pipil),0.2,0.27,0.07,12676,18176,False
SLV,El Salvador,Other,0.8,0.81,0.01,50706,54074,False
SMR,San Marino,Sammarinese,84.0,82.89,-1.11,28229,27949,True
SMR,San Marino,Italian,12.0,12.66,0.66,4033,4268,False
SMR,San Marino,Other,4.0,4.45,0.45,1344,1502,False
SOM,Somalia,Somali (Hawiye),30.0,29.43,-0.57,5702746,10950373,False
SOM,Somalia,Somali (Darood),32.0,33.97,1.97,6082930,12638236,True
SOM,Somalia,Somali (Isaaq),15.0,14.72,-0.28,2851373,5475187,False
SOM,Somalia,Somali (Rahanweyn),6.0,5.89,-0.11,1140549,2190075,False
SOM,Somalia,Other Somali clans (Dir/other),7.0,6.87,-0.13,1330641,2555087,False
SOM,Somalia,Bantu (Jareer),5.0,4.58,-0.42,950458,1705160,False
SOM,Somalia,Arab/Benadiri,1.0,0.84,-0.16,190092,313582,False
SOM,Somalia,Ethiopian migrant,1.0,0.96,-0.04,190092,355713,False
SOM,Somalia,Other,3.0,2.75,-0.25,570275,1023096,False
SRB,Serbia,Serb,80.6,79.84,-0.76,5429391,4417363,True
SRB,Serbia,Hungarian,2.8,2.18,-0.62,188614,120487,False
SRB,Serbia,Bosniak,2.3,2.61,0.31,154933,144551,False
SRB,Serbia,Romani,2.0,2.91,0.91,134724,160828,False
SRB,Serbia,Slovak,0.7,0.54,-0.16,47154,30122,False
SRB,Serbia,Croat,0.8,0.62,-0.18,53890,34425,False
SRB,Serbia,Albanian,0.6,0.68,0.08,40417,37709,False
SRB,Serbia,Other,10.2,10.62,0.42,687094,587377,False
SSD,South Sudan,Dinka,35.8,40.28,4.48,4275741,7388830,True
SSD,South Sudan,Nuer,15.6,16.4,0.8,1863172,3008373,False
SSD,South Sudan,Shilluk,5.7,5.05,-0.65,680774,926030,False
SSD,South Sudan,Azande,4.6,4.07,-0.53,549397,747322,False
SSD,South Sudan,Bari,3.4,3.01,-0.39,406076,552369,False
SSD,South Sudan,Lotuko,3.0,2.66,-0.34,358302,487384,False
SSD,South Sudan,Murle,2.5,2.21,-0.29,298585,406153,False
SSD,South Sudan,Zande,2.5,2.21,-0.29,298585,406153,False
SSD,South Sudan,Other (60+ groups),26.9,24.09,-2.81,3212777,4419360,False
STP,Sao Tome & Principe,Mestico (Forros),44.9,46.07,1.17,105761,168205,True
STP,Sao Tome & Principe,Angolares,15.0,14.53,-0.47,35332,53069,False
STP,Sao Tome & Principe,Tongas (mixed),10.0,9.8,-0.2,23555,35777,False
STP,Sao Tome & Principe,European descent,4.0,3.3,-0.7,9422,12032,False
STP,Sao Tome & Principe,Other African,20.0,19.6,-0.4,47110,71555,False
STP,Sao Tome & Principe,Other,6.1,6.7,0.6,14368,24481,False
SUR,Suriname,Hindustani (East Indian),27.4,27.87,0.47,173836,204512,True
SUR,Suriname,Maroon (Ndyuka/Saramaka),21.7,23.09,1.39,137673,169475,False
SUR,Suriname,Creole,15.7,14.53,-1.17,99607,106605,False
SUR,Suriname,Javanese,13.7,12.68,-1.02,86918,93025,False
SUR,Suriname,Mixed,13.1,12.26,-0.84,83111,89951,False
SUR,Suriname,Amerindian,4.1,5.07,0.97,26012,37218,False
SUR,Suriname,Other,4.3,4.51,0.21,27281,33120,False
SVK,Slovakia,Slovak,80.7,80.62,-0.08,4443955,3979994,True
SVK,Slovakia,Hungarian,8.5,6.67,-1.83,468075,329217,False
SVK,Slovakia,Romani,2.0,2.93,0.93,110135,144758,False
SVK,Slovakia,Czech,0.6,0.68,0.08,33041,33444,False
SVK,Slovakia,Rusyn / Ukrainian,1.0,0.97,-0.03,55068,47755,False
SVK,Slovakia,Other,7.2,8.13,0.93,396487,401325,False
SVN,Slovenia,Slovene,83.1,81.6,-1.5,1760633,1616977,True
SVN,Slovenia,Serb,2.0,2.2,0.2,42374,43692,False
SVN,Slovenia,Croat,1.8,1.73,-0.07,38136,34317,False
SVN,Slovenia,Bosniak,1.1,1.23,0.13,23306,24416,False
SVN,Slovenia,Other,12.0,13.23,1.23,254243,262153,False
SWE,Sweden,Swedish,78.0,73.7,-4.3,8273455,8334749,True
SWE,Sweden,Other Nordic/European,4.5,4.53,0.03,477315,512207,False
SWE,Sweden,Finnish,2.0,2.11,0.11,212140,238317,False
SWE,Sweden,Syrian,1.8,3.22,1.42,190926,364569,False
SWE,Sweden,Iraqi,1.4,1.75,0.35,148498,198365,False
SWE,Sweden,Iranian,1.0,1.24,0.24,106070,140636,False
SWE,Sweden,Turkish,0.6,0.75,0.15,63642,85014,False
SWE,Sweden,Afghan,0.5,1.0,0.5,53035,112928,False
SWE,Sweden,Somalian,0.7,1.41,0.71,74249,159070,False
SWE,Sweden,Eritrean,0.4,0.43,0.03,42428,48920,False
SWE,Sweden,Polish,1.3,1.37,0.07,137891,154906,False
SWE,Sweden,South/East Asian,3.3,3.48,0.18,350031,393223,False
SWE,Sweden,Indian,0.5,0.71,0.21,53035,80422,False
SWE,Sweden,Pakistani,0.4,0.54,0.14,42428,61600,False
SWE,Sweden,Chinese,0.4,0.38,-0.02,42428,43399,False
SWE,Sweden,Other,3.2,3.37,0.17,339424,381307,False
SWZ,Eswatini,Swazi (Emaswati),84.3,84.67,0.37,1047705,1274540,True
SWZ,Eswatini,Zulu,9.9,9.64,-0.26,123040,145140,False
SWZ,Eswatini,Tsonga,2.0,1.95,-0.05,24857,29321,False
SWZ,Eswatini,Other,3.8,3.74,-0.06,47228,56337,False
SYC,Seychelles,Seychellois Creole (mixed),76.0,77.12,1.12,99131,109320,True
SYC,Seychelles,Other African,10.0,9.81,-0.19,13044,13904,False
SYC,Seychelles,Indian,6.0,5.89,-0.11,7826,8342,False
SYC,Seychelles,French/Chinese,4.0,3.22,-0.78,5217,4565,False
SYC,Seychelles,Other,4.0,3.97,-0.03,5217,5624,False
SYR,Syria,Syrian Arab,80.0,82.09,2.09,19738206,31024325,True
SYR,Syria,Kurdish,9.5,9.44,-0.06,2343912,3568031,False
SYR,Syria,Turkmen,2.0,1.79,-0.21,493455,675982,False
SYR,Syria,Armenian,1.0,0.69,-0.31,246728,261169,False
SYR,Syria,Assyrian,0.5,0.39,-0.11,123364,147913,False
SYR,Syria,Circassian,0.5,0.4,-0.1,123364,149578,False
SYR,Syria,Other,6.5,5.2,-1.3,1603729,1966377,False
TCD,Chad,Sara,27.7,28.76,1.06,5622859,11175724,True
TCD,Chad,Arab,12.3,13.57,1.27,2496793,5273129,False
TCD,Chad,Mayo-Kebbi,11.5,10.89,-0.61,2334400,4230089,False
TCD,Chad,Kanem-Bornou,9.0,9.27,0.27,1826922,3602563,False
TCD,Chad,Ouaddai,8.7,8.24,-0.46,1766024,3200154,False
TCD,Chad,Hadjarai,6.7,6.34,-0.36,1360042,2464486,False
TCD,Chad,Tandjile,6.5,6.15,-0.35,1319444,2390920,False
TCD,Chad,Gorane (Toubou),6.3,5.96,-0.34,1278845,2317353,False
TCD,Chad,Other,11.3,10.82,-0.48,2293802,4203268,False
TGO,Togo,Adja-Ewe/Mina,42.4,43.83,1.43,3564379,6118577,True
TGO,Togo,Kabye/Tem,25.9,25.21,-0.69,2177297,3518645,False
TGO,Togo,Akan-Peul/Gurma,17.1,16.64,-0.46,1437521,2323121,False
TGO,Togo,Akposso/Ake,4.0,3.89,-0.11,336262,543420,False
TGO,Togo,Other,10.6,10.43,-0.17,891095,1456259,False
THA,Thailand,Central Thai,36.0,37.07,1.07,25800484,24609743,True
THA,Thailand,Isan (Thai-Lao),33.0,31.65,-1.35,23650443,21006929,False
THA,Thailand,Northern Thai (Lanna),13.0,12.47,-0.53,9316841,8275457,False
THA,Thailand,Southern Thai,4.0,3.84,-0.16,2866720,2546294,False
THA,Thailand,Thai Chinese,10.0,9.59,-0.41,7166801,6365736,False
THA,Thailand,Malay (Muslim),3.0,4.35,1.35,2150040,2889937,False
THA,Thailand,Other,1.0,1.04,0.04,716680,688635,False
TJK,Tajikistan,Tajik,84.3,84.68,0.38,8928154,13188896,True
TJK,Tajikistan,Uzbek,13.8,13.44,-0.36,1461548,2093580,False
TJK,Tajikistan,Kyrgyz,0.8,0.78,-0.02,84727,121367,False
TJK,Tajikistan,Russian,0.5,0.43,-0.07,52955,67551,False
TJK,Tajikistan,Other,0.6,0.66,0.06,63546,103255,False
TKM,Turkmenistan,Turkmen,85.0,85.74,0.74,6370320,8265446,True
TKM,Turkmenistan,Uzbek,5.0,4.89,-0.11,374725,471618,False
TKM,Turkmenistan,Russian,4.0,3.43,-0.57,299780,330335,False
TKM,Turkmenistan,Other,6.0,5.94,-0.06,449670,572307,False
TLS,Timor-Leste,Tetum (Austronesian),30.0,31.46,1.46,420191,594301,True
TLS,Timor-Leste,Mambai,15.0,14.45,-0.55,210096,273006,False
TLS,Timor-Leste,Makasae,10.0,9.63,-0.37,140064,182004,False
TLS,Timor-Leste,Tokodede,8.0,7.71,-0.29,112051,145603,False
TLS,Timor-Leste,Galoli,7.0,6.74,-0.26,98045,127403,False
TLS,Timor-Leste,Other Austronesian,20.0,19.27,-0.73,280128,364007,False
TLS,Timor-Leste,Papuan (Fataluku/Bunak),8.0,8.61,0.61,112051,162702,False
TLS,Timor-Leste,Chinese,1.0,1.04,0.04,14006,19577,False
TLS,Timor-Leste,Other,1.0,1.09,0.09,14006,20646,False
TON,Tonga,Tongan,96.6,96.65,0.05,100649,101682,True
TON,Tonga,Part-Tongan / Other,3.4,3.35,-0.05,3543,3523,False
TTO,Trinidad & Tobago,East Indian,35.4,37.17,1.77,533753,520317,True
TTO,Trinidad & Tobago,African,34.2,33.43,-0.77,515660,467906,False
TTO,Trinidad & Tobago,Mixed,22.8,22.54,-0.26,343773,315446,False
TTO,Trinidad & Tobago,Other (incl. Chinese/Syrian),7.6,6.87,-0.73,114591,96130,False
TUN,Tunisia,Arab,92.0,91.98,-0.02,11294935,12091133,True
TUN,Tunisia,Amazigh (Berber),2.0,1.94,-0.06,245542,255521,False
TUN,Tunisia,Haratin/Black Tunisian,2.5,2.81,0.31,306928,368808,False
TUN,Tunisia,European (Italian/French),1.5,1.18,-0.32,184157,155136,False
TUN,Tunisia,Libyan refugee,1.0,1.11,0.11,122771,145344,False
TUN,Tunisia,Other,1.0,0.98,-0.02,122771,129198,False
TUR,Turkey,Turkish,70.0,65.75,-4.25,61231660,60003905,True
TUR,Turkey,Kurdish (Kurmanji),19.0,23.3,4.3,16620022,21264078,False
TUR,Turkey,Zaza,1.5,1.6,0.1,1312107,1456459,False
TUR,Turkey,Arab,2.2,2.7,0.5,1924424,2462156,False
TUR,Turkey,Circassian,1.0,0.9,-0.1,874738,824720,False
TUR,Turkey,Bosniak/Albanian,0.8,0.72,-0.08,699790,659776,False
TUR,Turkey,Other,5.5,5.03,-0.47,4811059,4586974,False
TUV,Tuvalu,Tuvaluan,96.0,95.6,-0.4,9282,9371,True
TUV,Tuvalu,Other,4.0,4.4,0.4,387,431,False
TZA,Tanzania,Sukuma,16.0,15.52,-0.48,10969626,20117447,False
TZA,Tanzania,Nyamwezi,5.2,5.04,-0.16,3565128,6538170,False
TZA,Tanzania,Chagga,4.8,4.66,-0.14,3290888,6035234,False
TZA,Tanzania,Njema,4.6,4.46,-0.14,3153767,5783766,False
TZA,Tanzania,Haya,4.5,4.37,-0.13,3085207,5658032,False
TZA,Tanzania,Hehe,4.2,4.07,-0.13,2879527,5280830,False
TZA,Tanzania,Makonde,4.0,3.88,-0.12,2742406,5029362,False
TZA,Tanzania,Ha,3.5,3.4,-0.1,2399606,4400691,False
TZA,Tanzania,Gogo,3.4,3.3,-0.1,2331046,4274957,False
TZA,Tanzania,Zaramo,3.1,3.01,-0.09,2125365,3897755,False
TZA,Tanzania,Nyakyusa,2.8,2.72,-0.08,1919685,3520553,False
TZA,Tanzania,Makua,2.7,2.62,-0.08,1851124,3394819,False
TZA,Tanzania,Luguru,2.2,2.13,-0.07,1508324,2766149,False
TZA,Tanzania,Other,39.0,40.83,1.83,26738463,52923325,True
UGA,Uganda,Baganda,16.5,16.04,-0.46,8252490,13700360,False
UGA,Uganda,Banyankole,9.6,9.33,-0.27,4801449,7971119,False
UGA,Uganda,Basoga,8.8,8.55,-0.25,4401328,7306859,False
UGA,Uganda,Bakiga,7.1,6.9,-0.2,3551071,5895307,False
UGA,Uganda,Iteso,7.0,6.8,-0.2,3501056,5812274,False
UGA,Uganda,Langi,6.3,6.12,-0.18,3150951,5231047,False
UGA,Uganda,Acholi,4.7,4.57,-0.13,2350709,3902527,False
UGA,Uganda,Bagisu,4.6,4.47,-0.13,2300694,3819494,False
UGA,Uganda,Lugbara,4.2,4.08,-0.12,2100634,3487364,False
UGA,Uganda,Bunyoro,2.7,2.62,-0.08,1350407,2241877,False
UGA,Uganda,Batoro,2.7,2.62,-0.08,1350407,2241877,False
UGA,Uganda,Bafumbira,2.5,2.43,-0.07,1250377,2075812,False
UGA,Uganda,Karamojong,2.0,1.94,-0.06,1000302,1660650,False
UGA,Uganda,Other,21.3,23.51,2.21,10653214,20084634,True
UKR,Ukraine,Ukrainian,77.8,81.34,3.54,29455252,26021165,True
UKR,Ukraine,Russian,17.3,13.64,-3.66,6549818,4362941,False
UKR,Ukraine,Romanian / Moldovan,0.8,0.63,-0.17,302882,201754,False
UKR,Ukraine,Belarusian,0.6,0.47,-0.13,227161,151316,False
UKR,Ukraine,Hungarian (Zakarpattia),0.3,0.24,-0.06,113581,75658,False
UKR,Ukraine,Bulgarian (Bessarabia),0.4,0.4,0.0,151441,128066,False
UKR,Ukraine,Crimean Tatar,0.5,0.51,0.01,189301,161883,False
UKR,Ukraine,Roma,0.6,0.74,0.14,227161,235417,False
UKR,Ukraine,Other,1.7,2.04,0.34,643624,651935,False
URY,Uruguay,White (European),87.7,83.66,-4.04,2970033,2722690,True
URY,Uruguay,Black,4.6,5.9,1.3,155783,191858,False
URY,Uruguay,Indigenous,2.4,3.08,0.68,81278,100100,False
URY,Uruguay,Asian,0.5,0.74,0.24,16933,24167,False
URY,Uruguay,Other,4.8,6.62,1.82,162556,215539,False
USA,USA,White non-Hispanic,57.0,46.49,-10.51,196893143,177041362,True
USA,USA,Hispanic / Latino (Mexican),11.0,15.94,4.94,37996922,60707435,False
USA,USA,Hispanic / Latino (Puerto Rican),2.2,2.15,-0.05,7599384,8199818,False
USA,USA,Hispanic / Latino (Salvadoran),1.1,1.72,0.62,3799692,6548355,False
USA,USA,Hispanic / Latino (Dominican),1.0,1.37,0.37,3454266,5199879,False
USA,USA,Hispanic / Latino (Cuban),1.0,0.9,-0.1,3454266,3408881,False
USA,USA,Hispanic / Latino (Guatemalan),0.8,1.3,0.5,2763413,4937094,False
USA,USA,Hispanic / Latino (Honduran),0.4,0.71,0.31,1381706,2711790,False
USA,USA,Hispanic / Latino (Colombian),0.4,0.5,0.1,1381706,1916983,False
USA,USA,Hispanic / Latino (Venezuelan),0.3,0.47,0.17,1036280,1791593,False
USA,USA,Hispanic / Latino (Other),0.4,0.55,0.15,1381706,2079952,False
USA,USA,Black / African American,10.8,9.88,-0.92,37306069,37618369,False
USA,USA,Black (African immigrant),1.0,1.56,0.56,3454266,5953050,False
USA,USA,Black (Caribbean),0.6,0.7,0.1,2072559,2659464,False
USA,USA,Asian (Chinese),1.5,1.55,0.05,5181398,5910240,False
USA,USA,Asian (Indian),1.6,2.31,0.71,5526825,8782882,False
USA,USA,Asian (Filipino),1.2,1.51,0.31,4145119,5750949,False
USA,USA,Asian (Vietnamese),0.7,0.79,0.09,2417986,3025699,False
USA,USA,Asian (Korean),0.5,0.44,-0.06,1727133,1674563,False
USA,USA,Asian (Japanese),0.3,0.21,-0.09,1036280,791731,False
USA,USA,Asian (Pakistani),0.2,0.31,0.11,690853,1186282,False
USA,USA,Asian (Bangladeshi),0.1,0.17,0.07,345427,654742,False
USA,USA,Asian (Other),0.5,0.61,0.11,1727133,2328882,False
USA,USA,Middle Eastern / North African,0.5,0.82,0.32,1727133,3135277,False
USA,USA,Multiracial,3.4,5.65,2.25,11744503,21530413,False
USA,USA,Native American,1.1,1.04,-0.06,3799692,3975344,False
USA,USA,Native Hawaiian / Pacific,0.2,0.17,-0.03,690853,665408,False
USA,USA,Other,0.2,0.17,-0.03,690853,660468,False
UZB,Uzbekistan,Uzbek,83.8,84.39,0.59,30471238,44062261,True
UZB,Uzbekistan,Tajik,4.8,4.69,-0.11,1745369,2446997,False
UZB,Uzbekistan,Kazakh,2.5,2.44,-0.06,909046,1274478,False
UZB,Uzbekistan,Russian,2.3,1.99,-0.31,836323,1037167,False
UZB,Uzbekistan,Karakalpak,2.2,2.15,-0.05,799961,1121540,False
UZB,Uzbekistan,Other,4.4,4.34,-0.06,1599922,2268307,False
VCT,St. Vincent & Grenadines,Black,66.0,66.93,0.93,66416,59533,True
VCT,St. Vincent & Grenadines,Mixed,19.0,18.74,-0.26,19120,16666,False
VCT,St. Vincent & Grenadines,East Indian,6.0,5.85,-0.15,6038,5205,False
VCT,St. Vincent & Grenadines,European,4.0,3.23,-0.77,4025,2869,False
VCT,St. Vincent & Grenadines,Other,5.0,5.26,0.26,5032,4676,False
VEN,Venezuela,Mixed (Mestizo),50.0,54.42,4.42,14202772,16921294,True
VEN,Venezuela,White (European descent),42.0,35.77,-6.23,11930328,11123021,False
VEN,Venezuela,Black,2.8,3.05,0.25,795355,948683,False
VEN,Venezuela,Indigenous (Wayuu/Warao),2.6,3.79,1.19,738544,1177692,False
VEN,Venezuela,Colombian migrant,0.8,0.99,0.19,227244,307470,False
VEN,Venezuela,Other,1.8,1.98,0.18,511300,616727,False
VNM,Vietnam,Kinh (Viet),85.3,84.34,-0.96,86142495,92780198,True
VNM,Vietnam,Tay,1.9,2.11,0.21,1918766,2323914,False
VNM,Vietnam,Thai,1.9,2.11,0.21,1918766,2323914,False
VNM,Vietnam,Muong,1.5,1.67,0.17,1514815,1834669,False
VNM,Vietnam,Khmer Krom,1.4,1.56,0.16,1413828,1712358,False
VNM,Vietnam,Hmong,1.4,1.56,0.16,1413828,1712358,False
VNM,Vietnam,Nung,1.0,1.11,0.11,1009877,1223113,False
VNM,Vietnam,Dao,0.8,0.89,0.09,807901,978490,False
VNM,Vietnam,Other,4.8,4.65,-0.15,4847409,5119898,False
VUT,Vanuatu,Ni-Vanuatu,97.6,97.36,-0.24,319919,520261,True
VUT,Vanuatu,Other (incl. Asian/European),2.4,2.64,0.24,7867,14130,False
WSM,Samoa,Samoan,96.0,95.6,-0.4,209310,260735,True
WSM,Samoa,Other,4.0,4.4,0.4,8721,11993,False
YEM,Yemen,Arab (Zaydi/Shafi'i),90.0,91.13,1.13,36524856,64678885,True
YEM,Yemen,Mahra/Socotri,2.0,1.63,-0.37,811663,1153588,False
YEM,Yemen,Somali (refugee/descendant),2.0,1.97,-0.03,811663,1396662,False
YEM,Yemen,Ethiopian/Eritrean migrant,1.5,1.38,-0.12,608748,981434,False
YEM,Yemen,Akdam (muwalladeen),2.5,2.25,-0.25,1014579,1599278,False
YEM,Yemen,Other,2.0,1.64,-0.36,811663,1166561,False
ZAF,South Africa,Zulu,22.5,22.23,-0.27,14401617,17600572,False
ZAF,South Africa,Xhosa,16.0,15.81,-0.19,10241150,12515963,False
ZAF,South Africa,Other Black African (Sotho/Pedi/Tswana/Venda/Tsonga),42.9,44.96,2.06,27459083,35602020,True
ZAF,South Africa,Colored (Mixed),8.2,8.1,-0.1,5248589,6414431,False
ZAF,South Africa,White (Afrikaner),5.0,3.94,-1.06,3200359,3122909,False
ZAF,South Africa,White (English-speaking),2.3,1.89,-0.41,1472165,1492950,False
ZAF,South Africa,Indian/Asian,2.7,2.67,-0.03,1728194,2112069,False
ZAF,South Africa,Other,0.4,0.4,-0.0,256029,316418,False
ZMB,Zambia,Bemba,21.0,20.4,-0.6,4476142,7767256,False
ZMB,Zambia,Tonga,13.6,13.21,-0.39,2898835,5030223,False
ZMB,Zambia,Chewa,7.4,7.19,-0.21,1577307,2737033,False
ZMB,Zambia,Lozi,5.5,5.34,-0.16,1172323,2034281,False
ZMB,Zambia,Nsenga,5.3,5.15,-0.15,1129693,1960307,False
ZMB,Zambia,Tumbuka,4.4,4.27,-0.13,937858,1627425,False
ZMB,Zambia,Ngoni,4.0,3.88,-0.12,852598,1479477,False
ZMB,Zambia,Lala,3.1,3.01,-0.09,660764,1146595,False
ZMB,Zambia,Kaonde,2.9,2.82,-0.08,618134,1072621,False
ZMB,Zambia,Lunda,2.7,2.62,-0.08,575504,998647,False
ZMB,Zambia,Luvale,2.2,2.14,-0.06,468929,813712,False
ZMB,Zambia,Other,27.9,29.98,2.08,5946874,11415806,True
ZWE,Zimbabwe,Shona,70.0,70.81,0.81,11644056,18316713,True
ZWE,Zimbabwe,Ndebele,20.0,19.5,-0.5,3326873,5043535,False
ZWE,Zimbabwe,Kalanga,3.0,2.92,-0.08,499031,756530,False
ZWE,Zimbabwe,Tonga,1.5,1.46,-0.04,249515,378265,False
ZWE,Zimbabwe,Other Black African,4.9,4.78,-0.12,815084,1235666,False
ZWE,Zimbabwe,White,0.4,0.33,-0.07,66537,84674,False
ZWE,Zimbabwe,Other,0.2,0.2,-0.0,33269,51003,False
