ISO3,Country,Top1,Top1_2050_pct,Top2,Top2_2050_pct,Top3,Top3_2050_pct,Top4,Top4_2050_pct,Top5,Top5_2050_pct
AFG,Afghanistan,Pashtun,42.9,Tajik,25.9,Hazara,9.2,Uzbek,9.2,Aimaq,3.8
AGO,Angola,Ovimbundu,38.6,Kimbundu,24.4,Other African,17.2,Bakongo,12.7,Chokwe,4.3
ALB,Albania,Albanian (Gheg),56.2,Albanian (Tosk),26.9,Other,14.1,Greek,1.6,Romani / Egyptian,1.0
AND,Andorra,Andorran,47.4,Spanish,25.2,Portuguese,11.4,Other,11.4,French,4.6
ARE,UAE,Indian,27.9,Other foreign,20.4,Pakistani,11.6,Emirati,10.8,Bangladeshi,8.3
ARG,Argentina,Italian descent,36.3,Spanish descent,28.5,Other European descent,19.0,Mestizo/Indigenous,15.1,East Asian,0.5
ARM,Armenia,Armenian,98.1,Other,1.6,Russian,0.4,,,,
ATG,Antigua & Barbuda,African descent,87.3,Mixed,4.6,Other,3.9,Hispanic,2.8,White,1.5
AUS,Australia,English,27.4,Australian (European),19.8,Other,15.4,Other European descent,9.5,Chinese,5.6
AUT,Austria,Austrian,80.2,Other,10.9,Turkish,2.6,German,2.4,Serbian,2.3
AZE,Azerbaijan,Azerbaijani,91.4,Other,4.0,Lezgin,2.1,Talysh,1.4,Russian,1.2
BDI,Burundi,Hutu,85.4,Tutsi,13.6,Twa,1.0,,,,
BEL,Belgium,Flemish,50.2,Other,20.0,Walloon,16.2,Italian,2.9,Moroccan,2.5
BEN,Benin,Fon,39.8,Adja,14.6,Yoruba,11.6,Bariba,9.3,Fulani (Peulh),8.9
BFA,Burkina Faso,Mossi,52.9,Other,12.6,Fulani,8.7,Gurma,6.8,Bobo,4.8
BGD,Bangladesh,Bengali,98.0,Other,0.8,Chakma,0.4,Santal,0.3,Bihari (Urdu-speaking),0.3
BGR,Bulgaria,Bulgarian,84.3,Turkish,9.1,Romani,5.0,Other,1.6,,
BHR,Bahrain,Bahraini,48.9,Other foreign,13.0,Indian,12.9,Bangladeshi,8.9,Pakistani,5.9
BHS,Bahamas,Black,90.6,Other,5.0,Mixed,2.4,White,1.9,,
BIH,Bosnia & Herzegovina,Bosniak,52.1,Serb,29.4,Croat,14.7,Other,3.8,,
BLR,Belarus,Belarusian,84.3,Russian,7.7,Other,3.4,Polish,2.9,Ukrainian,1.8
BLZ,Belize,Mestizo,53.7,Creole,25.1,Maya: Q'eqchi',6.5,Garifuna,5.9,Maya: Yucatec/Mopan,5.2
BOL,Bolivia,Mestizo,67.8,Quechua,11.3,Aymara,9.2,Other Indigenous,7.2,White,4.5
BRA,Brazil,Pardo (Mixed Euro/African/Indigenous),48.2,White: Portuguese descent,22.3,Black (African descent),7.7,White: Italian descent,7.1,White: German descent,4.0
BRB,Barbados,Black,92.7,Mixed,3.0,White,2.5,East Indian,1.3,Other,0.5
BRN,Brunei,Malay,67.2,Other foreign workers,20.8,Chinese,8.9,Indigenous (Dusun/Iban/etc.),3.1,,
BTN,Bhutan,Ngalop (Bhote),51.3,Lhotshampa (Nepali),34.1,Sharchop,12.7,Other,1.9,,
BWA,Botswana,Tswana (Batswana),79.6,Kalanga,10.7,Basarwa (San),2.9,Kgalagadi,1.9,Other,1.9
CAF,Central African Rep.,Baya,34.7,Banda,26.3,Mandjia,12.7,Sara,9.7,Mboum,6.8
CAN,Canada,White (European),66.1,South Asian,7.8,Other,6.6,Indigenous,5.1,Chinese,5.1
CHE,Switzerland,Swiss,68.2,Other,14.5,German,4.3,Italian,3.3,Portuguese,2.6
CHL,Chile,White (Spanish/European descent),59.2,Mestizo,28.9,Mapuche,9.7,Aymara,1.1,Other indigenous,0.8
CHN,China,Han Chinese,90.9,Other,2.6,Zhuang,1.4,Hui (Chinese Muslim),0.8,Uyghur,0.8
CIV,Cote d'Ivoire,Akan (Baoule/Agni),30.7,Other,21.1,Voltaique/Gur,15.7,Northern Mande (Malinke),14.1,Krou (Bete),8.3
CMR,Cameroon,Bamileke-Bamum,26.1,Other,19.2,Fang-Beti,19.0,Biu-Mandara,14.1,Arab-Choa/Hausa,11.1
COD,Congo (DRC),Other,22.3,Luba,17.4,Kongo,15.5,Mongo,13.3,Banyarwanda,10.7
COG,Congo,Kongo,49.8,Sangha,18.6,Teke,14.1,M'Bochi,12.0,Punu,2.9
COL,Colombia,Mestizo and White,84.2,Afro-Colombian,6.9,Other,4.5,Indigenous (Wayuu/Embera/etc.),4.4,,
COM,Comoros,Comorian (Antalote/Cafre/Makoa),97.1,Makua / Other,2.9,,,,,,
CPV,Cape Verde,Creole (Mulatto),71.8,African,27.3,European,0.9,,,,
CRI,Costa Rica,White or Mestizo,83.5,Mulatto,6.5,Other (incl. Nicaraguans),6.5,Indigenous (Bribri/Cabecar),2.5,Black,1.1
CUB,Cuba,White (Spanish descent),63.7,Mulatto (Mixed),26.9,Black,9.4,,,,
CYP,Cyprus,Greek Cypriot,76.4,Turkish Cypriot,18.5,Foreign residents,5.2,,,,
CZE,Czechia,Czech,75.5,Other,9.3,Moravian,4.8,Ukrainian,4.2,Slovak,2.4
DEU,Germany,German,82.8,Other,11.0,Turkish,2.5,Syrian,1.4,Polish,1.2
DJI,Djibouti,Somali (Issa),61.0,Afar,34.1,Other (French/Ethiopian),3.0,Arab,1.9,,
DMA,Dominica,Black,86.9,Mixed,8.9,Indigenous (Kalinago),2.8,Other,1.4,,
DNK,Denmark,Danish,82.4,Other Nordic/European,4.2,Other Middle Eastern/African/Asian,3.8,Other,2.9,Polish,1.4
DOM,Dominican Rep.,Mixed (Mulatto),71.7,Black,15.5,White,12.5,Other,0.3,,
DZA,Algeria,Arab,68.8,Amazigh (Kabyle/Chaoui),29.2,Other,1.5,European,0.5,,
ECU,Ecuador,Mestizo,72.2,Afroecuadorian,7.5,Amerindian,7.2,Montubio,7.2,White,5.6
EGY,Egypt,Egyptian (Muslim),86.3,Egyptian (Coptic Christian),9.7,Other Arab,2.0,Nubian,1.0,Bedouin Arab,1.0
ERI,Eritrea,Tigrinya,55.0,Tigre,30.6,Saho,3.8,Other,3.3,Kunama,1.9
ESP,Spain,Spanish,78.5,Other,10.8,Latin American,5.2,Moroccan,2.4,Romanian,2.0
EST,Estonia,Estonian,70.5,Russian,22.0,Other,4.3,Ukrainian,2.2,Belarusian,0.9
ETH,Ethiopia,Oromo,37.3,Amhara,23.4,Other,13.0,Somali,7.5,Tigray,5.5
FIN,Finland,Finnish,86.7,Other,5.8,Swedish-speaking,5.0,Russian,1.6,Estonian,0.9
FJI,Fiji,iTaukei (indigenous Fijian),60.7,Fijian Indian,33.8,Other,4.3,Rotuman,1.1,,
FRA,France,French (native),82.3,North African (Arab/Berber),7.2,Sub-Saharan African,4.1,Other European,3.7,Other,2.6
FSM,Micronesia,Chuukese,50.1,Pohnpeian,23.6,Other,15.2,Kosraean,6.0,Yapese,5.1
GAB,Gabon,Other African,28.4,Fang,22.6,Shirazi-Punu,18.2,Nzabi,11.2,Mbamba,10.7
GBR,UK,White British,73.8,Other,5.4,Other White,4.8,Indian,3.2,Mixed/Multiple,2.8
GEO,Georgia,Georgian,87.0,Azerbaijani,6.5,Armenian,4.1,Russian,1.4,Other,0.9
GHA,Ghana,Akan,47.1,Mole-Dagbani,18.0,Ewe,12.5,Ga-Dangme,6.9,Gurma,6.2
GIN,Guinea,Fulani (Peulh),36.6,Malinke,28.4,Susu,20.0,Guerze,7.4,Kissi,6.0
GMB,Gambia,Mandinka,35.6,Fula,23.1,Wolof,11.8,Jola,10.3,Other,8.5
GNB,Guinea-Bissau,Balanta,29.9,Fula,23.1,Manjaco,14.1,Other,10.6,Mandinga,8.7
GNQ,Equatorial Guinea,Fang,86.0,Bubi,6.3,Ndowe,3.5,Annobon,1.6,Other,1.4
GRC,Greece,Greek,91.2,Albanian,4.6,Other,2.8,Romanian,0.5,Bulgarian,0.3
GRD,Grenada,African descent,82.7,Mixed,12.9,Other,2.2,East Indian,2.1,,
GTM,Guatemala,Ladino (Mestizo),55.6,Other Maya,10.3,Maya: K'iche',9.2,Maya: Q'eqchi',8.8,Maya: Kaqchikel,7.9
GUY,Guyana,East Indian,41.1,African descent,28.3,Mixed,19.2,Amerindian (Arawak/Carib),10.9,Other,0.5
HKG,Hong Kong,Chinese,91.2,Other,4.0,Filipino,2.8,Indonesian,2.0,,
HND,Honduras,Mestizo,89.9,Indigenous: Lenca,4.2,Indigenous: Miskito,2.1,Black (Garifuna),1.9,Other Indigenous,1.0
HRV,Croatia,Croat,90.6,Serb,4.0,Other,3.5,Bosniak,0.9,Italian,0.6
HTI,Haiti,Black (African descent),95.1,Mixed (Mulatto),4.9,,,,,,
HUN,Hungary,Hungarian,87.8,Other,7.1,Romani,3.3,German,1.1,Slovak,0.7
IDN,Indonesia,Javanese,41.5,Sundanese,15.1,Other,14.7,Malay,3.8,Batak,3.5
IND,India,Hindi-speaking (North/Central Indo-Aryan),44.9,Bengali,8.1,Marathi,6.7,Telugu (Dravidian),6.5,Tamil (Dravidian),5.5
IRL,Ireland,Irish,75.8,Other White British,10.5,Other EU (Romanian/Lithuanian),4.1,Polish,3.1,Asian (other),1.8
IRN,Iran,Persian,59.5,Azeri,15.4,Kurd,10.3,Lur,5.8,Gilaki/Mazandarani,2.4
IRQ,Iraq,Arab (Shia),56.4,Arab (Sunni),17.6,Kurdish,17.6,Other,5.0,Turkmen,2.0
ISL,Iceland,Icelandic,80.6,Other European,6.2,Polish,5.8,Other,5.0,Danish,1.0
ISR,Israel,Jewish (Non-Haredi),58.7,Arab Muslim (incl. Bedouin),17.1,Jewish (Haredi/Orthodox),14.2,Other (incl. migrant workers),6.9,Arab Christian,1.6
ITA,Italy,Italian,88.0,Other,6.3,Romanian,2.1,Albanian,1.6,Moroccan,1.2
JAM,Jamaica,Black (African descent),92.3,Mixed,5.9,Other,1.0,East Indian,0.8,,
JOR,Jordan,Transjordanian Arab,41.6,Jordanian of Palestinian origin,29.3,Syrian,12.7,Palestinian,6.8,Egyptian,6.8
JPN,Japan,Japanese,97.3,Other,1.1,Chinese,0.8,Filipino,0.4,Korean,0.4
KAZ,Kazakhstan,Kazakh,72.7,Russian,13.6,Other,6.3,Uzbek,3.2,Ukrainian,1.8
KEN,Kenya,Kikuyu,19.1,Luhya,13.9,Kalenjin,13.0,Luo,10.4,Kamba,9.8
KGZ,Kyrgyzstan,Kyrgyz,75.2,Uzbek,14.6,Russian,5.1,Other,4.0,Dungan,1.0
KHM,Cambodia,Khmer,92.0,Vietnamese,4.9,Cham (Muslim),2.1,Chinese,0.5,Other,0.5
KIR,Kiribati,I-Kiribati,95.9,Mixed / Other,4.1,,,,,,
KNA,Saint Kitts & Nevis,African descent,92.7,Mixed,2.9,European,1.9,Indian,1.5,Other,0.9
KOR,South Korea,Korean,96.1,Other (incl. foreign workers),2.3,Chinese,1.6,,,,
KWT,Kuwait,Kuwaiti,31.9,Other foreign,20.7,Indian,13.8,Egyptian,9.9,Bangladeshi,7.9
LAO,Laos,Lao (Lao Lum),54.1,Other,14.9,Khmou,10.7,Hmong,9.5,Phouthay (Lao Tai),3.3
LBN,Lebanon,Lebanese Arab (Muslim),62.2,Lebanese Arab (Christian),28.1,Druze,5.0,Armenian,3.8,Other,1.0
LBR,Liberia,Other,22.6,Kpelle,19.8,Bassa,13.1,Grebo,9.7,Gio,7.8
LBY,Libya,Arab,93.1,Amazigh (Berber),3.9,Tuareg/Tebu,1.9,Other,1.1,,
LCA,Saint Lucia,Black/African descent,85.6,Mixed,10.6,East Indian,2.1,Other,1.7,,
LIE,Liechtenstein,Liechtensteiner,65.2,Other,10.2,Swiss,9.2,Austrian / German,8.2,Italian,4.1
LKA,Sri Lanka,Sinhalese,75.7,Sri Lankan Tamil,10.3,Sri Lankan Moor (Muslim),9.6,Indian Tamil,3.9,Malay,0.5
LSO,Lesotho,Sotho (Basotho),99.7,Other,0.3,,,,,,
LTU,Lithuania,Lithuanian,85.4,Polish,6.0,Russian,4.6,Other,3.1,Belarusian,0.9
LUX,Luxembourg,Luxembourger,51.6,Portuguese,16.6,Other,14.8,French,7.6,Italian,3.6
LVA,Latvia,Latvian,64.3,Russian,22.8,Other,5.8,Belarusian,2.9,Ukrainian,2.3
MAR,Morocco,Arab,56.2,Amazigh (Berber),42.9,Other,1.0,,,,
MDA,Moldova,Moldovan / Romanian,76.0,Other,8.1,Ukrainian,6.1,Gagauz,4.2,Russian,3.8
MDG,Madagascar,Merina,27.9,Other Malagasy,18.5,Betsimisaraka,14.6,Betsileo,11.7,Tsimihety,6.8
MDV,Maldives,Maldivian,68.8,Bangladeshi expatriate,10.4,Other,7.3,Indian expatriate,6.2,Chinese expatriate,5.2
MEX,Mexico,Mestizo (Euro/Amerindian mix),62.9,White (Spanish/European descent),9.0,Amerindian: Nahua,7.5,Amerindian: Maya,6.6,Other,5.2
MHL,Marshall Islands,Marshallese,92.2,Mixed,5.7,Other,2.1,,,,
MKD,North Macedonia,Macedonian,58.3,Albanian,24.8,Other,8.7,Turk,4.0,Romani,2.5
MLI,Mali,Bambara,34.7,Fulani (Peulh),13.7,Sarakole,9.3,Senufo,9.3,Dogon,8.4
MLT,Malta,Maltese,86.9,Other,6.4,Other European,5.2,North African,1.6,,
MMR,Myanmar,Bamar,68.4,Shan,8.7,Karen,6.8,Rakhine,4.1,Chinese,3.1
MNE,Montenegro,Montenegrin,46.7,Serb,26.6,Other,12.6,Bosniak,9.0,Albanian,5.1
MNG,Mongolia,Khalkh,81.9,Other,4.2,Kazakh,3.9,Other Mongol groups,3.9,Dorvod,2.6
MOZ,Mozambique,Other,28.5,Makhuwa,25.4,Tsonga,11.0,Lomwe,7.6,Sena,7.0
MRT,Mauritania,White Moor (Arab-Berber),40.7,Sub-Saharan Mauritanian (Pulaar/Wolof/Soninke),30.6,Black Moor (Haratin),23.9,Other,4.8,,
MUS,Mauritius,Indo-Mauritian,67.1,Creole (African/French),27.4,Sino-Mauritian,2.8,Franco-Mauritian,1.8,Other,1.0
MWI,Malawi,Chewa,36.0,Lomwe,18.3,Yao,12.9,Ngoni,10.1,Tumbuka,9.0
MYS,Malaysia,Bumiputera (Malay),60.8,Chinese,20.2,Other Bumiputera (Dayak/Iban/Kadazan),10.2,Indian,6.1,Other,2.7
NAM,Namibia,Ovambo,51.4,Other,10.7,Kavangos,8.8,Herero,6.8,Damara,6.8
NER,Niger,Hausa,55.6,Songhai,19.8,Fulani (Peulh),9.9,Tuareg,9.7,Kanuri (Manga),4.1
NGA,Nigeria,Hausa,33.1,Other,19.5,Yoruba,14.7,Igbo,14.4,Fulani,6.1
NIC,Nicaragua,Mestizo,70.2,White,15.7,Black (Creole),4.9,Miskito (Amerindian),4.2,Other,3.9
NLD,Netherlands,Dutch,75.0,Other,7.4,Other EU,6.6,Turkish,2.5,Moroccan,2.4
NOR,Norway,Norwegian,80.8,Other Nordic/European,6.1,Other,4.6,Polish,2.2,Syrian,1.1
NPL,Nepal,Other,21.6,Chhetri,16.0,Bahun,11.8,Magar,6.8,Tharu,6.8
NRU,Nauru,Nauruan,88.0,Other Pacific Islander,7.8,Chinese / Asian,4.2,,,,
NZL,New Zealand,European,58.6,Maori,15.7,Asian,13.7,Pacific peoples,7.8,Other,2.3
OMN,Oman,Omani,56.1,Indian,14.6,Other foreign,9.0,Bangladeshi,5.9,Pakistani,4.9
PAK,Pakistan,Punjabi,45.6,Pashtun,15.9,Sindhi,13.6,Saraiki,8.1,Muhajir (Urdu-speaking),7.3
PAN,Panama,Mestizo,65.6,Indigenous (Ngabe/Guna),12.8,West Indian (Antillean),8.9,Other,6.6,White,6.1
PER,Peru,Mestizo,60.4,Quechua,16.9,Other Amerindian (Amazonian),5.4,White,5.3,Other,4.3
PHL,Philippines,Tagalog,30.2,Other,22.1,Cebuano,12.7,Ilocano,8.7,Hiligaynon (Ilonggo),7.3
PLW,Palau,Palauan,65.5,Other,15.8,Filipino,12.9,Chinese,5.8,,
PNG,Papua New Guinea,Papuan / Melanesian,83.8,Other,10.0,Other Pacific Islander,5.8,Chinese,0.2,European,0.2
POL,Poland,Polish,96.8,Ukrainian,1.3,Silesian,1.1,Other,0.6,German,0.2
PRT,Portugal,Portuguese,88.5,Brazilian,4.4,African (PALOP - Angolan/Cape Verdean),2.9,Other EU (UK/French/Italian),1.6,Other,1.5
PRY,Paraguay,Mestizo,95.2,White,2.8,Indigenous (Guarani),2.1,,,,
PSE,Palestine,Palestinian Arab (Sunni Muslim),97.3,Palestinian Christian,1.3,Other,0.9,Druze,0.5,,
QAT,Qatar,Other foreign,25.2,Indian,17.1,Bangladeshi,13.2,Qatari,10.8,Egyptian,8.3
ROU,Romania,Romanian,89.6,Hungarian,5.5,Romani,3.5,Other,1.4,,
RUS,Russia,Russian,80.6,Other,11.0,Tatar,4.0,Ukrainian,1.3,Bashkir,1.1
RWA,Rwanda,Hutu,85.4,Tutsi,13.6,Twa,1.0,,,,
SAU,Saudi Arabia,Saudi Arab,58.9,Other foreign,16.5,Bangladeshi,4.8,Indian,4.3,Pakistani,3.9
SDN,Sudan,Sudanese Arab,70.7,Beja,5.8,Fur,4.9,Nubian,4.9,Other,4.9
SEN,Senegal,Wolof,41.2,Pular (Fula),26.8,Serer,15.6,Other,5.2,Mandinka,4.8
SGP,Singapore,Chinese,74.1,Malay,13.9,Indian,8.7,Other,3.4,,
SLB,Solomon Islands,Melanesian,95.4,Polynesian,3.0,Micronesian,1.2,Other,0.4,,
SLE,Sierra Leone,Temne,37.2,Mende,32.4,Other,11.3,Limba,6.2,Kono,4.3
SLV,El Salvador,Mestizo,87.2,White,11.8,Other,0.8,Indigenous (Nahua-Pipil),0.2,,
SMR,San Marino,Sammarinese,83.4,Italian,12.5,Other,4.2,,,,
SOM,Somalia,Somali (Hawiye/Darood),85.4,Other,9.7,Bantu (Jareer),4.9,,,,
SRB,Serbia,Serb,81.0,Other,12.0,Hungarian,2.6,Bosniak,2.4,Romani,2.1
SSD,South Sudan,Dinka,38.6,Other (60+ groups),25.3,Nuer,15.7,Shilluk,5.4,Azande,4.3
STP,Sao Tome & Principe,Mestico (Forros),46.2,Other African,19.4,Angolares,14.6,Tongas (mixed),9.7,Other,6.4
SUR,Suriname,Hindustani (East Indian),28.7,Maroon (Ndyuka/Saramaka),22.1,Creole,15.0,Javanese,13.1,Mixed,12.5
SVK,Slovakia,Slovak,81.0,Hungarian,7.8,Other,7.5,Romani,2.1,Rusyn / Ukrainian,1.0
SVN,Slovenia,Slovene,82.6,Other,12.5,Serb,2.1,Croat,1.7,Bosniak,1.1
SWE,Sweden,Swedish,77.3,Other Nordic/European,4.7,Other,4.7,South/East Asian,3.4,Finnish,2.1
SWZ,Eswatini,Swazi (Emaswati),84.7,Zulu,9.7,Other,3.7,Tsonga,1.9,,
SYC,Seychelles,Seychellois Creole (mixed),76.8,Other African,9.8,Indian,5.9,Other,3.9,French/Chinese,3.7
SYR,Syria,Syrian Arab,81.0,Kurdish,9.3,Other,6.0,Turkmen,2.0,Armenian,0.9
TCD,Chad,Sara,29.1,Arab,12.6,Mayo-Kebbi,11.0,Other,10.8,Kanem-Bornou,9.2
TGO,Togo,Adja-Ewe/Mina,43.9,Kabye/Tem,25.2,Akan-Peul/Gurma,16.7,Other,10.3,Akposso/Ake,3.9
THA,Thailand,Central Thai,37.6,Isan (Thai-Lao),32.1,Northern Thai (Lanna),12.6,Thai Chinese,9.7,Southern Thai,3.9
TJK,Tajikistan,Tajik,84.7,Uzbek,13.4,Kyrgyz,0.8,Other,0.6,Russian,0.5
TKM,Turkmenistan,Turkmen,85.6,Other,5.9,Uzbek,4.9,Russian,3.7,,
TLS,Timor-Leste,Tetum (Austronesian),31.6,Other Austronesian,19.4,Mambai,14.5,Makasae,9.7,Papuan (Fataluku/Bunak),8.3
TON,Tonga,Tongan,96.7,Part-Tongan / Other,3.3,,,,,,
TTO,Trinidad & Tobago,East Indian,37.1,African,33.3,Mixed,22.2,Other (incl. Chinese/Syrian),7.4,,
TUN,Tunisia,Arab,97.1,Amazigh (Berber),1.9,Other,1.0,,,,
TUR,Turkey,Turkish,69.7,Kurdish (Kurmanji),19.5,Other,5.3,Arab,2.3,Zaza,1.5
TUV,Tuvalu,Tuvaluan,95.8,Other,4.2,,,,,,
TZA,Tanzania,Other,40.6,Sukuma,15.6,Nyamwezi,5.1,Chagga,4.7,Njema,4.5
UGA,Uganda,Other,23.3,Baganda,16.1,Banyankole,9.3,Basoga,8.6,Bakiga,6.9
UKR,Ukraine,Ukrainian,79.0,Russian,16.0,Other,3.7,Romanian / Moldovan,0.7,Belarusian,0.6
URY,Uruguay,White (European),87.4,Other,4.9,Black,4.7,Indigenous,2.5,Asian,0.6
USA,USA,White non-Hispanic,56.5,Hispanic / Latino,19.8,Black / African American,12.3,Asian,6.4,Multiracial,3.4
UZB,Uzbekistan,Uzbek,84.3,Tajik,4.7,Other,4.3,Kazakh,2.4,Karakalpak,2.1
VCT,St. Vincent & Grenadines,Black,67.0,Mixed,18.6,East Indian,5.9,Other,4.9,European,3.7
VEN,Venezuela,Mixed,54.0,White,38.1,Black,2.7,Indigenous,2.7,Other,2.5
VNM,Vietnam,Kinh (Viet),85.1,Other,4.7,Tay,2.0,Thai,2.0,Muong,1.6
VUT,Vanuatu,Ni-Vanuatu,97.5,Other (incl. Asian/European),2.5,,,,,,
WSM,Samoa,Samoan,95.8,Other,4.2,,,,,,
YEM,Yemen,Arab,95.3,Other (incl. Ethiopian/Mahra),2.7,Somali (refugee/descendant),1.9,,,,
ZAF,South Africa,Black African,82.2,Colored (Mixed),8.0,White (Afrikaner/English),6.7,Indian/Asian,2.6,Other,0.4
ZMB,Zambia,Other,29.8,Bemba,20.5,Tonga,13.2,Chewa,7.2,Lozi,5.4
ZWE,Zimbabwe,Shona,70.8,Ndebele,19.5,Other Black African,4.8,Kalanga,2.9,Tonga,1.5
