Entity,Code,Year,Number of people in poverty ($3 a day)
East Asia and Pacific (WB),WB_EAP,1990,1218386344
East Asia and Pacific (WB),WB_EAP,1991,1217186926
East Asia and Pacific (WB),WB_EAP,1992,1204137951
East Asia and Pacific (WB),WB_EAP,1993,1189783859
East Asia and Pacific (WB),WB_EAP,1994,1134642856
East Asia and Pacific (WB),WB_EAP,1995,1081894008
East Asia and Pacific (WB),WB_EAP,1996,1022370742
East Asia and Pacific (WB),WB_EAP,1997,1019471733
East Asia and Pacific (WB),WB_EAP,1998,1038215864
East Asia and Pacific (WB),WB_EAP,1999,997689600
East Asia and Pacific (WB),WB_EAP,2000,955136657
East Asia and Pacific (WB),WB_EAP,2001,911503578
East Asia and Pacific (WB),WB_EAP,2002,835149889
East Asia and Pacific (WB),WB_EAP,2003,762155249
East Asia and Pacific (WB),WB_EAP,2004,697097730
East Asia and Pacific (WB),WB_EAP,2005,616601889
East Asia and Pacific (WB),WB_EAP,2006,596286920
East Asia and Pacific (WB),WB_EAP,2007,541906941
East Asia and Pacific (WB),WB_EAP,2008,510615359
East Asia and Pacific (WB),WB_EAP,2009,469612478
East Asia and Pacific (WB),WB_EAP,2010,417489368
East Asia and Pacific (WB),WB_EAP,2011,340581377
East Asia and Pacific (WB),WB_EAP,2012,297894576
East Asia and Pacific (WB),WB_EAP,2013,203762612
East Asia and Pacific (WB),WB_EAP,2014,177298304
East Asia and Pacific (WB),WB_EAP,2015,139378323
East Asia and Pacific (WB),WB_EAP,2016,116215928
East Asia and Pacific (WB),WB_EAP,2017,96554904
East Asia and Pacific (WB),WB_EAP,2018,77153466
East Asia and Pacific (WB),WB_EAP,2019,60958285
East Asia and Pacific (WB),WB_EAP,2020,64525473
East Asia and Pacific (WB),WB_EAP,2021,62251883
East Asia and Pacific (WB),WB_EAP,2022,57382152
East Asia and Pacific (WB),WB_EAP,2023,52108583
East Asia and Pacific (WB),WB_EAP,2024,47161467
East Asia and Pacific (WB),WB_EAP,2025,42482719
East Asia and Pacific (WB),WB_EAP,2026,39145721
East Asia and Pacific (WB),WB_EAP,2027,36169836
East Asia and Pacific (WB),WB_EAP,2028,32946941
East Asia and Pacific (WB),WB_EAP,2029,30097003
East Asia and Pacific (WB),WB_EAP,2030,27496557
East Asia and Pacific (WB),WB_EAP,2031,26784117
East Asia and Pacific (WB),WB_EAP,2032,26134467
East Asia and Pacific (WB),WB_EAP,2033,25791759
East Asia and Pacific (WB),WB_EAP,2034,25458985
East Asia and Pacific (WB),WB_EAP,2035,24781044
East Asia and Pacific (WB),WB_EAP,2036,24572539
East Asia and Pacific (WB),WB_EAP,2037,24203588
East Asia and Pacific (WB),WB_EAP,2038,24291909
East Asia and Pacific (WB),WB_EAP,2039,24275269
East Asia and Pacific (WB),WB_EAP,2040,24128200
Europe and Central Asia (WB),WB_ECA,1990,34177374
Europe and Central Asia (WB),WB_ECA,1991,38558101
Europe and Central Asia (WB),WB_ECA,1992,47029460
Europe and Central Asia (WB),WB_ECA,1993,52240801
Europe and Central Asia (WB),WB_ECA,1994,65122619
Europe and Central Asia (WB),WB_ECA,1995,62596295
Europe and Central Asia (WB),WB_ECA,1996,64224592
Europe and Central Asia (WB),WB_ECA,1997,58798946
Europe and Central Asia (WB),WB_ECA,1998,60814921
Europe and Central Asia (WB),WB_ECA,1999,75735579
Europe and Central Asia (WB),WB_ECA,2000,66027300
Europe and Central Asia (WB),WB_ECA,2001,60177688
Europe and Central Asia (WB),WB_ECA,2002,53599327
Europe and Central Asia (WB),WB_ECA,2003,51823816
Europe and Central Asia (WB),WB_ECA,2004,44568397
Europe and Central Asia (WB),WB_ECA,2005,44087648
Europe and Central Asia (WB),WB_ECA,2006,38777370
Europe and Central Asia (WB),WB_ECA,2007,35567290
Europe and Central Asia (WB),WB_ECA,2008,33007733
Europe and Central Asia (WB),WB_ECA,2009,33198260
Europe and Central Asia (WB),WB_ECA,2010,33578393
Europe and Central Asia (WB),WB_ECA,2011,32431844
Europe and Central Asia (WB),WB_ECA,2012,32663348
Europe and Central Asia (WB),WB_ECA,2013,9967755
Europe and Central Asia (WB),WB_ECA,2014,10920521
Europe and Central Asia (WB),WB_ECA,2015,10947910
Europe and Central Asia (WB),WB_ECA,2016,9014038
Europe and Central Asia (WB),WB_ECA,2017,9062095
Europe and Central Asia (WB),WB_ECA,2018,7659152
Europe and Central Asia (WB),WB_ECA,2019,7101979
Europe and Central Asia (WB),WB_ECA,2020,7832559
Europe and Central Asia (WB),WB_ECA,2021,7397800
Europe and Central Asia (WB),WB_ECA,2022,6965593
Europe and Central Asia (WB),WB_ECA,2023,6053099
Europe and Central Asia (WB),WB_ECA,2024,5255665
Europe and Central Asia (WB),WB_ECA,2025,4918128
Europe and Central Asia (WB),WB_ECA,2026,4706106
Europe and Central Asia (WB),WB_ECA,2027,4556535
Europe and Central Asia (WB),WB_ECA,2028,4287844
Europe and Central Asia (WB),WB_ECA,2029,4151314
Europe and Central Asia (WB),WB_ECA,2030,4046077
Europe and Central Asia (WB),WB_ECA,2031,3900100
Europe and Central Asia (WB),WB_ECA,2032,3802070
Europe and Central Asia (WB),WB_ECA,2033,3649725
Europe and Central Asia (WB),WB_ECA,2034,3531011
Europe and Central Asia (WB),WB_ECA,2035,3377637
Europe and Central Asia (WB),WB_ECA,2036,3273123
Europe and Central Asia (WB),WB_ECA,2037,3174426
Europe and Central Asia (WB),WB_ECA,2038,3092262
Europe and Central Asia (WB),WB_ECA,2039,2994115
Europe and Central Asia (WB),WB_ECA,2040,2894445
Latin America and Caribbean (WB),WB_LAC,1990,91356503
Latin America and Caribbean (WB),WB_LAC,1991,90119538
Latin America and Caribbean (WB),WB_LAC,1992,92328146
Latin America and Caribbean (WB),WB_LAC,1993,93733052
Latin America and Caribbean (WB),WB_LAC,1994,92131978
Latin America and Caribbean (WB),WB_LAC,1995,89183834
Latin America and Caribbean (WB),WB_LAC,1996,97213400
Latin America and Caribbean (WB),WB_LAC,1997,96589763
Latin America and Caribbean (WB),WB_LAC,1998,96841882
Latin America and Caribbean (WB),WB_LAC,1999,99766610
Latin America and Caribbean (WB),WB_LAC,2000,94032232
Latin America and Caribbean (WB),WB_LAC,2001,94400254
Latin America and Caribbean (WB),WB_LAC,2002,91438399
Latin America and Caribbean (WB),WB_LAC,2003,89775257
Latin America and Caribbean (WB),WB_LAC,2004,83800262
Latin America and Caribbean (WB),WB_LAC,2005,79013880
Latin America and Caribbean (WB),WB_LAC,2006,67372198
Latin America and Caribbean (WB),WB_LAC,2007,61199214
Latin America and Caribbean (WB),WB_LAC,2008,56911136
Latin America and Caribbean (WB),WB_LAC,2009,55298474
Latin America and Caribbean (WB),WB_LAC,2010,49829682
Latin America and Caribbean (WB),WB_LAC,2011,45884649
Latin America and Caribbean (WB),WB_LAC,2012,45071541
Latin America and Caribbean (WB),WB_LAC,2013,41424583
Latin America and Caribbean (WB),WB_LAC,2014,39728900
Latin America and Caribbean (WB),WB_LAC,2015,37425667
Latin America and Caribbean (WB),WB_LAC,2016,38812020
Latin America and Caribbean (WB),WB_LAC,2017,38814299
Latin America and Caribbean (WB),WB_LAC,2018,38738943
Latin America and Caribbean (WB),WB_LAC,2019,39614487
Latin America and Caribbean (WB),WB_LAC,2020,37592965
Latin America and Caribbean (WB),WB_LAC,2021,40575370
Latin America and Caribbean (WB),WB_LAC,2022,32966613
Latin America and Caribbean (WB),WB_LAC,2023,30404069
Latin America and Caribbean (WB),WB_LAC,2024,28352761
Latin America and Caribbean (WB),WB_LAC,2025,27439861
Latin America and Caribbean (WB),WB_LAC,2026,27040593
Latin America and Caribbean (WB),WB_LAC,2027,26584505
Latin America and Caribbean (WB),WB_LAC,2028,25475970
Latin America and Caribbean (WB),WB_LAC,2029,24647683
Latin America and Caribbean (WB),WB_LAC,2030,23744870
Latin America and Caribbean (WB),WB_LAC,2031,23664016
Latin America and Caribbean (WB),WB_LAC,2032,23736385
Latin America and Caribbean (WB),WB_LAC,2033,23924880
Latin America and Caribbean (WB),WB_LAC,2034,23876146
Latin America and Caribbean (WB),WB_LAC,2035,24022265
Latin America and Caribbean (WB),WB_LAC,2036,24113909
Latin America and Caribbean (WB),WB_LAC,2037,23998884
Latin America and Caribbean (WB),WB_LAC,2038,24172096
Latin America and Caribbean (WB),WB_LAC,2039,24246404
Latin America and Caribbean (WB),WB_LAC,2040,24092966
"Middle East, North Africa, Afghanistan and Pakistan (WB)",WB_MENAP,1990,131180981
"Middle East, North Africa, Afghanistan and Pakistan (WB)",WB_MENAP,1991,126027243
"Middle East, North Africa, Afghanistan and Pakistan (WB)",WB_MENAP,1992,114440659
"Middle East, North Africa, Afghanistan and Pakistan (WB)",WB_MENAP,1993,118172017
"Middle East, North Africa, Afghanistan and Pakistan (WB)",WB_MENAP,1994,110120837
"Middle East, North Africa, Afghanistan and Pakistan (WB)",WB_MENAP,1995,111241343
"Middle East, North Africa, Afghanistan and Pakistan (WB)",WB_MENAP,1996,103931872
"Middle East, North Africa, Afghanistan and Pakistan (WB)",WB_MENAP,1997,104677152
"Middle East, North Africa, Afghanistan and Pakistan (WB)",WB_MENAP,1998,109227810
"Middle East, North Africa, Afghanistan and Pakistan (WB)",WB_MENAP,1999,113112535
"Middle East, North Africa, Afghanistan and Pakistan (WB)",WB_MENAP,2000,117928580
"Middle East, North Africa, Afghanistan and Pakistan (WB)",WB_MENAP,2001,124528632
"Middle East, North Africa, Afghanistan and Pakistan (WB)",WB_MENAP,2002,125203452
"Middle East, North Africa, Afghanistan and Pakistan (WB)",WB_MENAP,2003,117840753
"Middle East, North Africa, Afghanistan and Pakistan (WB)",WB_MENAP,2004,108209649
"Middle East, North Africa, Afghanistan and Pakistan (WB)",WB_MENAP,2005,104786349
"Middle East, North Africa, Afghanistan and Pakistan (WB)",WB_MENAP,2006,100558468
"Middle East, North Africa, Afghanistan and Pakistan (WB)",WB_MENAP,2007,97688730
"Middle East, North Africa, Afghanistan and Pakistan (WB)",WB_MENAP,2008,87820081
"Middle East, North Africa, Afghanistan and Pakistan (WB)",WB_MENAP,2009,93287336
"Middle East, North Africa, Afghanistan and Pakistan (WB)",WB_MENAP,2010,83528560
"Middle East, North Africa, Afghanistan and Pakistan (WB)",WB_MENAP,2011,82907357
"Middle East, North Africa, Afghanistan and Pakistan (WB)",WB_MENAP,2012,80252174
"Middle East, North Africa, Afghanistan and Pakistan (WB)",WB_MENAP,2013,77632749
"Middle East, North Africa, Afghanistan and Pakistan (WB)",WB_MENAP,2014,78231266
"Middle East, North Africa, Afghanistan and Pakistan (WB)",WB_MENAP,2015,78665288
"Middle East, North Africa, Afghanistan and Pakistan (WB)",WB_MENAP,2016,80204881
"Middle East, North Africa, Afghanistan and Pakistan (WB)",WB_MENAP,2017,79494154
"Middle East, North Africa, Afghanistan and Pakistan (WB)",WB_MENAP,2018,80754047
"Middle East, North Africa, Afghanistan and Pakistan (WB)",WB_MENAP,2019,86431464
"Middle East, North Africa, Afghanistan and Pakistan (WB)",WB_MENAP,2020,95334802
"Middle East, North Africa, Afghanistan and Pakistan (WB)",WB_MENAP,2021,103132162
"Middle East, North Africa, Afghanistan and Pakistan (WB)",WB_MENAP,2022,105281907
"Middle East, North Africa, Afghanistan and Pakistan (WB)",WB_MENAP,2023,110818142
"Middle East, North Africa, Afghanistan and Pakistan (WB)",WB_MENAP,2024,116848646
"Middle East, North Africa, Afghanistan and Pakistan (WB)",WB_MENAP,2025,121277282
"Middle East, North Africa, Afghanistan and Pakistan (WB)",WB_MENAP,2026,122061402
"Middle East, North Africa, Afghanistan and Pakistan (WB)",WB_MENAP,2027,121805856
"Middle East, North Africa, Afghanistan and Pakistan (WB)",WB_MENAP,2028,120162742
"Middle East, North Africa, Afghanistan and Pakistan (WB)",WB_MENAP,2029,118261721
"Middle East, North Africa, Afghanistan and Pakistan (WB)",WB_MENAP,2030,116953126
"Middle East, North Africa, Afghanistan and Pakistan (WB)",WB_MENAP,2031,120766759
"Middle East, North Africa, Afghanistan and Pakistan (WB)",WB_MENAP,2032,124974368
"Middle East, North Africa, Afghanistan and Pakistan (WB)",WB_MENAP,2033,129034443
"Middle East, North Africa, Afghanistan and Pakistan (WB)",WB_MENAP,2034,133171628
"Middle East, North Africa, Afghanistan and Pakistan (WB)",WB_MENAP,2035,137191196
"Middle East, North Africa, Afghanistan and Pakistan (WB)",WB_MENAP,2036,141352717
"Middle East, North Africa, Afghanistan and Pakistan (WB)",WB_MENAP,2037,145462754
"Middle East, North Africa, Afghanistan and Pakistan (WB)",WB_MENAP,2038,149368252
"Middle East, North Africa, Afghanistan and Pakistan (WB)",WB_MENAP,2039,153385213
"Middle East, North Africa, Afghanistan and Pakistan (WB)",WB_MENAP,2040,157644088
North America (WB),WB_NA,1990,1511131
North America (WB),WB_NA,1991,1653363
North America (WB),WB_NA,1992,1674925
North America (WB),WB_NA,1993,1885010
North America (WB),WB_NA,1994,1956836
North America (WB),WB_NA,1995,1854458
North America (WB),WB_NA,1996,1788979
North America (WB),WB_NA,1997,2022422
North America (WB),WB_NA,1998,2350297
North America (WB),WB_NA,1999,2028475
North America (WB),WB_NA,2000,2114127
North America (WB),WB_NA,2001,2605737
North America (WB),WB_NA,2002,2494455
North America (WB),WB_NA,2003,2923752
North America (WB),WB_NA,2004,3051826
North America (WB),WB_NA,2005,3029063
North America (WB),WB_NA,2006,3096693
North America (WB),WB_NA,2007,3038100
North America (WB),WB_NA,2008,3299864
North America (WB),WB_NA,2009,2947350
North America (WB),WB_NA,2010,3457243
North America (WB),WB_NA,2011,3337569
North America (WB),WB_NA,2012,3397860
North America (WB),WB_NA,2013,3432479
North America (WB),WB_NA,2014,4139601
North America (WB),WB_NA,2015,3920581
North America (WB),WB_NA,2016,3741128
North America (WB),WB_NA,2017,4154336
North America (WB),WB_NA,2018,3617478
North America (WB),WB_NA,2019,3317937
North America (WB),WB_NA,2020,1122734
North America (WB),WB_NA,2021,1009586
North America (WB),WB_NA,2022,4492740
North America (WB),WB_NA,2023,4060492
North America (WB),WB_NA,2024,3576972
North America (WB),WB_NA,2025,3578043
North America (WB),WB_NA,2026,3577844
North America (WB),WB_NA,2027,3533992
North America (WB),WB_NA,2028,3550082
North America (WB),WB_NA,2029,3565426
North America (WB),WB_NA,2030,3580505
North America (WB),WB_NA,2031,3595286
North America (WB),WB_NA,2032,3609830
North America (WB),WB_NA,2033,3624099
North America (WB),WB_NA,2034,3638314
North America (WB),WB_NA,2035,3652082
North America (WB),WB_NA,2036,3665589
North America (WB),WB_NA,2037,3678912
North America (WB),WB_NA,2038,3692093
North America (WB),WB_NA,2039,3704681
North America (WB),WB_NA,2040,3354292
South Asia (WB),WB_SA,1990,503361718
South Asia (WB),WB_SA,1991,513696432
South Asia (WB),WB_SA,1992,517332767
South Asia (WB),WB_SA,1993,519468245
South Asia (WB),WB_SA,1994,522533404
South Asia (WB),WB_SA,1995,529299963
South Asia (WB),WB_SA,1996,536234038
South Asia (WB),WB_SA,1997,546103675
South Asia (WB),WB_SA,1998,555725536
South Asia (WB),WB_SA,1999,561852148
South Asia (WB),WB_SA,2000,570413589
South Asia (WB),WB_SA,2001,579996315
South Asia (WB),WB_SA,2002,589715940
South Asia (WB),WB_SA,2003,594613690
South Asia (WB),WB_SA,2004,596505356
South Asia (WB),WB_SA,2005,583847508
South Asia (WB),WB_SA,2006,556720477
South Asia (WB),WB_SA,2007,528586991
South Asia (WB),WB_SA,2008,517992032
South Asia (WB),WB_SA,2009,493320172
South Asia (WB),WB_SA,2010,439272988
South Asia (WB),WB_SA,2011,403480638
South Asia (WB),WB_SA,2012,374341850
South Asia (WB),WB_SA,2013,342166510
South Asia (WB),WB_SA,2014,304430130
South Asia (WB),WB_SA,2015,263319700
South Asia (WB),WB_SA,2016,223466166
South Asia (WB),WB_SA,2017,187858217
South Asia (WB),WB_SA,2018,158024526
South Asia (WB),WB_SA,2019,139890352
South Asia (WB),WB_SA,2020,152221033
South Asia (WB),WB_SA,2021,128661608
South Asia (WB),WB_SA,2022,101009432
South Asia (WB),WB_SA,2023,77742408
South Asia (WB),WB_SA,2024,63438117
South Asia (WB),WB_SA,2025,52191932
South Asia (WB),WB_SA,2026,42898799
South Asia (WB),WB_SA,2027,34762317
South Asia (WB),WB_SA,2028,26792169
South Asia (WB),WB_SA,2029,21285079
South Asia (WB),WB_SA,2030,15915924
South Asia (WB),WB_SA,2031,13722416
South Asia (WB),WB_SA,2032,11867075
South Asia (WB),WB_SA,2033,10001899
South Asia (WB),WB_SA,2034,8307913
South Asia (WB),WB_SA,2035,6392950
South Asia (WB),WB_SA,2036,6258249
South Asia (WB),WB_SA,2037,4687483
South Asia (WB),WB_SA,2038,4513063
South Asia (WB),WB_SA,2039,2743095
South Asia (WB),WB_SA,2040,2755451
Sub-Saharan Africa (WB),WB_SSA,1990,320618793
Sub-Saharan Africa (WB),WB_SSA,1991,336150938
Sub-Saharan Africa (WB),WB_SSA,1992,351331899
Sub-Saharan Africa (WB),WB_SSA,1993,365061316
Sub-Saharan Africa (WB),WB_SSA,1994,375247784
Sub-Saharan Africa (WB),WB_SSA,1995,384353261
Sub-Saharan Africa (WB),WB_SSA,1996,391160771
Sub-Saharan Africa (WB),WB_SSA,1997,399164031
Sub-Saharan Africa (WB),WB_SSA,1998,409604088
Sub-Saharan Africa (WB),WB_SSA,1999,418616790
Sub-Saharan Africa (WB),WB_SSA,2000,425251330
Sub-Saharan Africa (WB),WB_SSA,2001,428467144
Sub-Saharan Africa (WB),WB_SSA,2002,437296437
Sub-Saharan Africa (WB),WB_SSA,2003,441913345
Sub-Saharan Africa (WB),WB_SSA,2004,431628763
Sub-Saharan Africa (WB),WB_SSA,2005,431552379
Sub-Saharan Africa (WB),WB_SSA,2006,434875797
Sub-Saharan Africa (WB),WB_SSA,2007,437375582
Sub-Saharan Africa (WB),WB_SSA,2008,439122092
Sub-Saharan Africa (WB),WB_SSA,2009,447313259
Sub-Saharan Africa (WB),WB_SSA,2010,441986832
Sub-Saharan Africa (WB),WB_SSA,2011,445152674
Sub-Saharan Africa (WB),WB_SSA,2012,445682446
Sub-Saharan Africa (WB),WB_SSA,2013,448112959
Sub-Saharan Africa (WB),WB_SSA,2014,452143637
Sub-Saharan Africa (WB),WB_SSA,2015,465132172
Sub-Saharan Africa (WB),WB_SSA,2016,475202800
Sub-Saharan Africa (WB),WB_SSA,2017,482059936
Sub-Saharan Africa (WB),WB_SSA,2018,489897123
Sub-Saharan Africa (WB),WB_SSA,2019,499852355
Sub-Saharan Africa (WB),WB_SSA,2020,537750198
Sub-Saharan Africa (WB),WB_SSA,2021,554118901
Sub-Saharan Africa (WB),WB_SSA,2022,561862878
Sub-Saharan Africa (WB),WB_SSA,2023,575072561
Sub-Saharan Africa (WB),WB_SSA,2024,582128507
Sub-Saharan Africa (WB),WB_SSA,2025,585321573
Sub-Saharan Africa (WB),WB_SSA,2026,586592722
Sub-Saharan Africa (WB),WB_SSA,2027,586965496
Sub-Saharan Africa (WB),WB_SSA,2028,574304240
Sub-Saharan Africa (WB),WB_SSA,2029,560805857
Sub-Saharan Africa (WB),WB_SSA,2030,545852073
Sub-Saharan Africa (WB),WB_SSA,2031,558179561
Sub-Saharan Africa (WB),WB_SSA,2032,569868093
Sub-Saharan Africa (WB),WB_SSA,2033,581986215
Sub-Saharan Africa (WB),WB_SSA,2034,594761308
Sub-Saharan Africa (WB),WB_SSA,2035,606769627
Sub-Saharan Africa (WB),WB_SSA,2036,619336173
Sub-Saharan Africa (WB),WB_SSA,2037,632600652
Sub-Saharan Africa (WB),WB_SSA,2038,645836460
Sub-Saharan Africa (WB),WB_SSA,2039,659495355
Sub-Saharan Africa (WB),WB_SSA,2040,673170723
World,OWID_WRL,1990,2300592847
World,OWID_WRL,1991,2323392545
World,OWID_WRL,1992,2328275810
World,OWID_WRL,1993,2340344303
World,OWID_WRL,1994,2301756317
World,OWID_WRL,1995,2260423166
World,OWID_WRL,1996,2216924398
World,OWID_WRL,1997,2226827726
World,OWID_WRL,1998,2272780402
World,OWID_WRL,1999,2268801739
World,OWID_WRL,2000,2230903819
World,OWID_WRL,2001,2201679352
World,OWID_WRL,2002,2134897902
World,OWID_WRL,2003,2061045864
World,OWID_WRL,2004,1964861987
World,OWID_WRL,2005,1862918719
World,OWID_WRL,2006,1797687927
World,OWID_WRL,2007,1705362851
World,OWID_WRL,2008,1648768301
World,OWID_WRL,2009,1594977331
World,OWID_WRL,2010,1469143069
World,OWID_WRL,2011,1353776111
World,OWID_WRL,2012,1279303797
World,OWID_WRL,2013,1126499650
World,OWID_WRL,2014,1066892362
World,OWID_WRL,2015,998789644
World,OWID_WRL,2016,946656963
World,OWID_WRL,2017,897997943
World,OWID_WRL,2018,855844739
World,OWID_WRL,2019,837166861
World,OWID_WRL,2020,896379766
World,OWID_WRL,2021,897147313
World,OWID_WRL,2022,869961319
World,OWID_WRL,2023,856259357
World,OWID_WRL,2024,846762139
World,OWID_WRL,2025,837209541
World,OWID_WRL,2026,826023190
World,OWID_WRL,2027,814378541
World,OWID_WRL,2028,787519991
World,OWID_WRL,2029,762814088
World,OWID_WRL,2030,737589135
World,OWID_WRL,2031,750612258
World,OWID_WRL,2032,763992291
World,OWID_WRL,2033,778013023
World,OWID_WRL,2034,792745308
World,OWID_WRL,2035,806186803
World,OWID_WRL,2036,822572303
World,OWID_WRL,2037,837806703
World,OWID_WRL,2038,854966138
World,OWID_WRL,2039,870844135
World,OWID_WRL,2040,888040168