Destination_ISO3,Destination,Destination_Group,Origin_Candidates,Share_2024_pct,Share_2050_pct,Change_pp,Pop_2024,Pop_2050,Share_2050_LowMigrationScenario_pct,Share_2050_HighMigrationScenario_pct,Share_2050_Migration_P10_pct,Share_2050_Migration_P90_pct,Migration_Uncertainty_Width_pp,Migration_SourceSupply_2050,Migration_SkillReadiness_2050,Migration_ClimatePressure_2050,Migration_DestinationPull_2050,Migration_DiasporaNetwork_2050,Migration_CorridorAffinity_2050,Migration_SettlementRetention_2050,Migration_CorridorMultiplier_2050,Migration_Intensity_2050,Migration_Channel_Active,Corridor_Expansion_Index_2050,Projected_Group_Population_Change_pct,Expected_Presence_2050,Interpretation
KOR,South Korea,Filipino,PHL,0.2,0.24,0.04,103435,109378,0.23,0.26,0.23,0.26,0.03,0.759,0.88,0.64,0.896,0.842,1.18,0.66,1.167,2.64,True,2.915,5.7,moderate expansion,"Directional corridor scenario based on source labor supply, skills, destination demand, policy, diaspora networks, climate pressure and settlement retention; not an official bilateral flow forecast."
KOR,South Korea,Vietnamese,VNM,0.4,0.49,0.09,206870,219363,0.46,0.52,0.46,0.52,0.06,0.71,0.84,0.68,0.896,0.86,1.26,0.66,1.18,2.64,True,2.891,6.0,moderate expansion,"Directional corridor scenario based on source labor supply, skills, destination demand, policy, diaspora networks, climate pressure and settlement retention; not an official bilateral flow forecast."
HKG,Hong Kong,Filipino,PHL,2.7,7.06,4.36,200203,429745,5.95,8.53,5.95,8.53,2.59,0.759,0.88,0.64,0.746,0.977,1.0,0.78,1.091,2.592,True,2.675,114.7,strong expansion,"Directional corridor scenario based on source labor supply, skills, destination demand, policy, diaspora networks, climate pressure and settlement retention; not an official bilateral flow forecast."
JPN,Japan,Filipino,PHL,0.4,0.92,0.52,495012,961985,0.76,1.13,0.76,1.13,0.37,0.759,0.88,0.64,0.83,0.86,1.2,0.68,1.151,2.343,True,2.551,94.3,strong expansion,"Directional corridor scenario based on source labor supply, skills, destination demand, policy, diaspora networks, climate pressure and settlement retention; not an official bilateral flow forecast."
JPN,Japan,Vietnamese,VNM,0.3,0.7,0.4,371259,736033,0.57,0.87,0.57,0.87,0.31,0.71,0.84,0.68,0.83,0.851,1.28,0.68,1.144,2.343,True,2.487,98.3,strong expansion,"Directional corridor scenario based on source labor supply, skills, destination demand, policy, diaspora networks, climate pressure and settlement retention; not an official bilateral flow forecast."
HKG,Hong Kong,Indonesian,IDN,1.9,5.12,3.22,140883,312107,4.33,6.18,4.33,6.18,1.85,0.736,0.78,0.76,0.746,0.948,1.0,0.78,1.059,2.592,True,2.473,121.5,strong expansion,"Directional corridor scenario based on source labor supply, skills, destination demand, policy, diaspora networks, climate pressure and settlement retention; not an official bilateral flow forecast."
CAN,Canada,Filipino,PHL,2.6,5.01,2.41,1033303,2284431,4.1,5.55,4.1,5.55,1.45,0.759,0.88,0.64,0.747,0.974,1.28,0.92,1.296,1.984,True,2.432,121.1,strong expansion,"Directional corridor scenario based on source labor supply, skills, destination demand, policy, diaspora networks, climate pressure and settlement retention; not an official bilateral flow forecast."
HKG,Hong Kong,South Asian,IND;PAK;BGD;LKA;NPL,1.0,1.11,0.11,74149,67505,1.07,1.15,1.07,1.15,0.08,0.718,0.752,0.684,0.746,0.903,1.0,0.78,1.023,2.592,True,2.356,-9.0,established/gradual,"Directional corridor scenario based on source labor supply, skills, destination demand, policy, diaspora networks, climate pressure and settlement retention; not an official bilateral flow forecast."
SGP,Singapore,Indian,IND;PAK;BGD;LKA;NPL,9.0,8.9,-0.1,524915,540991,8.88,8.91,8.88,8.91,0.03,0.718,0.752,0.684,0.79,1.096,1.0,0.58,1.09,2.384,True,2.309,3.1,established/gradual,"Directional corridor scenario based on source labor supply, skills, destination demand, policy, diaspora networks, climate pressure and settlement retention; not an official bilateral flow forecast."
SGP,Singapore,Filipino,PHL,0.7,1.21,0.51,40827,73299,1.13,1.3,1.13,1.3,0.17,0.759,0.88,0.64,0.79,0.884,1.0,0.58,1.011,2.384,True,2.28,79.5,strong expansion,"Directional corridor scenario based on source labor supply, skills, destination demand, policy, diaspora networks, climate pressure and settlement retention; not an official bilateral flow forecast."
CAN,Canada,South Asian (Pakistani),PAK,1.0,1.97,0.97,397424,899767,1.75,2.29,1.75,2.29,0.55,0.769,0.7,0.74,0.747,0.903,1.28,0.92,1.251,1.984,True,2.147,126.4,strong expansion,"Directional corridor scenario based on source labor supply, skills, destination demand, policy, diaspora networks, climate pressure and settlement retention; not an official bilateral flow forecast."
CAN,Canada,South Asian (Indian),IND;PAK;BGD;LKA;NPL,5.2,11.95,6.75,2066606,5450085,9.76,12.79,9.76,12.79,3.03,0.718,0.752,0.684,0.747,1.039,1.126,0.92,1.212,1.984,True,2.136,163.7,strong expansion,"Directional corridor scenario based on source labor supply, skills, destination demand, policy, diaspora networks, climate pressure and settlement retention; not an official bilateral flow forecast."
ITA,Italy,Filipino,PHL,0.5,0.56,0.06,296714,291018,0.54,0.58,0.54,0.58,0.04,0.759,0.88,0.64,0.754,0.869,1.0,0.78,1.037,2.174,True,2.133,-1.9,established/gradual,"Directional corridor scenario based on source labor supply, skills, destination demand, policy, diaspora networks, climate pressure and settlement retention; not an official bilateral flow forecast."
ARE,UAE,Pakistani,PAK,11.8,11.79,-0.01,1301202,1812419,11.6,12.02,11.6,12.02,0.41,0.769,0.7,0.74,0.747,1.126,1.3,0.46,1.225,2.0,True,2.119,39.3,strong expansion,"Directional corridor scenario based on source labor supply, skills, destination demand, policy, diaspora networks, climate pressure and settlement retention; not an official bilateral flow forecast."
SGP,Singapore,Indonesian,IDN,0.4,0.48,0.08,23330,29484,0.46,0.52,0.46,0.52,0.06,0.736,0.78,0.76,0.79,0.86,1.0,0.58,0.985,2.384,True,2.116,26.4,strong expansion,"Directional corridor scenario based on source labor supply, skills, destination demand, policy, diaspora networks, climate pressure and settlement retention; not an official bilateral flow forecast."
ITA,Italy,Pakistani,PAK,0.3,0.73,0.43,178029,380450,0.62,0.88,0.62,0.88,0.26,0.769,0.7,0.74,0.754,0.851,1.15,0.78,1.106,2.174,True,2.08,113.7,strong expansion,"Directional corridor scenario based on source labor supply, skills, destination demand, policy, diaspora networks, climate pressure and settlement retention; not an official bilateral flow forecast."
ARE,UAE,Indian,IND;PAK;BGD;LKA;NPL,25.8,28.03,2.23,2845001,4308092,27.71,28.41,27.71,28.41,0.7,0.718,0.752,0.684,0.747,1.215,1.18,0.46,1.167,2.0,True,2.074,51.4,strong expansion,"Directional corridor scenario based on source labor supply, skills, destination demand, policy, diaspora networks, climate pressure and settlement retention; not an official bilateral flow forecast."
AUS,Australia,Filipino,PHL,1.6,2.72,1.12,427411,884840,2.31,3.27,2.31,3.27,0.96,0.759,0.88,0.64,0.702,0.935,1.24,0.9,1.196,1.81,True,2.048,107.0,strong expansion,"Directional corridor scenario based on source labor supply, skills, destination demand, policy, diaspora networks, climate pressure and settlement retention; not an official bilateral flow forecast."
ITA,Italy,Egyptian,EGY,0.4,0.92,0.52,237371,479713,0.79,1.1,0.79,1.1,0.31,0.7,0.72,0.66,0.754,0.86,1.18,0.78,1.074,2.174,True,2.041,102.1,strong expansion,"Directional corridor scenario based on source labor supply, skills, destination demand, policy, diaspora networks, climate pressure and settlement retention; not an official bilateral flow forecast."
ITA,Italy,Bangladeshi,BGD,0.4,1.01,0.61,237371,522801,0.86,1.21,0.86,1.21,0.35,0.735,0.68,0.84,0.754,0.86,1.16,0.78,1.091,2.174,True,2.03,120.2,strong expansion,"Directional corridor scenario based on source labor supply, skills, destination demand, policy, diaspora networks, climate pressure and settlement retention; not an official bilateral flow forecast."
KOR,South Korea,Chinese (incl. Korean-Chinese),CHN,1.5,1.74,0.24,775764,787736,1.66,1.84,1.66,1.84,0.18,0.52,0.58,0.45,0.896,0.93,1.0,0.66,0.946,2.64,True,2.025,1.5,established/gradual,"Directional corridor scenario based on source labor supply, skills, destination demand, policy, diaspora networks, climate pressure and settlement retention; not an official bilateral flow forecast."
KWT,Kuwait,Filipino,PHL,5.0,4.86,-0.14,246725,309466,4.78,4.95,4.78,4.95,0.17,0.759,0.88,0.64,0.687,1.035,1.0,0.48,0.99,2.152,True,2.015,25.4,strong expansion,"Directional corridor scenario based on source labor supply, skills, destination demand, policy, diaspora networks, climate pressure and settlement retention; not an official bilateral flow forecast."
ITA,Italy,Indian,IND;PAK;BGD;LKA;NPL,0.5,1.19,0.69,296714,619083,1.0,1.46,1.0,1.46,0.46,0.718,0.752,0.684,0.754,0.869,1.062,0.78,1.039,2.174,True,2.007,108.6,strong expansion,"Directional corridor scenario based on source labor supply, skills, destination demand, policy, diaspora networks, climate pressure and settlement retention; not an official bilateral flow forecast."
ARE,UAE,Bangladeshi,BGD,8.5,8.39,-0.11,937306,1289218,8.28,8.51,8.28,8.51,0.22,0.735,0.68,0.84,0.747,1.09,1.26,0.46,1.156,2.0,True,1.979,37.5,strong expansion,"Directional corridor scenario based on source labor supply, skills, destination demand, policy, diaspora networks, climate pressure and settlement retention; not an official bilateral flow forecast."
CAN,Canada,South Asian (Other),IND;PAK;BGD;LKA;NPL,0.8,1.26,0.46,317939,574309,1.15,1.43,1.15,1.43,0.29,0.718,0.752,0.684,0.747,0.891,1.126,0.92,1.118,1.984,True,1.971,80.6,strong expansion,"Directional corridor scenario based on source labor supply, skills, destination demand, policy, diaspora networks, climate pressure and settlement retention; not an official bilateral flow forecast."
ITA,Italy,Nigerian,NGA;GHA;KEN,0.3,0.34,0.04,178029,174505,0.32,0.35,0.32,0.35,0.03,0.757,0.737,0.54,0.754,0.851,1.0,0.78,1.025,2.174,True,1.965,-2.0,established/gradual,"Directional corridor scenario based on source labor supply, skills, destination demand, policy, diaspora networks, climate pressure and settlement retention; not an official bilateral flow forecast."
CAN,Canada,South Asian (Sri Lankan),IND;PAK;BGD;LKA;NPL,0.6,0.96,0.36,238455,437620,0.88,1.08,0.88,1.08,0.2,0.718,0.752,0.684,0.747,0.876,1.126,0.92,1.109,1.984,True,1.955,83.5,strong expansion,"Directional corridor scenario based on source labor supply, skills, destination demand, policy, diaspora networks, climate pressure and settlement retention; not an official bilateral flow forecast."
ARE,UAE,Filipino,PHL,6.1,5.85,-0.25,672655,899059,5.83,5.88,5.83,5.88,0.05,0.759,0.88,0.64,0.747,1.055,1.0,0.46,1.03,2.0,True,1.949,33.7,strong expansion,"Directional corridor scenario based on source labor supply, skills, destination demand, policy, diaspora networks, climate pressure and settlement retention; not an official bilateral flow forecast."
KWT,Kuwait,Indian,IND;PAK;BGD;LKA;NPL,14.0,13.68,-0.32,690831,871192,13.43,13.97,13.43,13.97,0.54,0.718,0.752,0.684,0.687,1.145,1.0,0.48,1.01,2.152,True,1.931,26.1,strong expansion,"Directional corridor scenario based on source labor supply, skills, destination demand, policy, diaspora networks, climate pressure and settlement retention; not an official bilateral flow forecast."
ESP,Spain,Venezuelan,VEN,1.0,3.01,2.01,479105,1351148,2.33,3.52,2.33,3.52,1.19,0.636,0.78,0.64,0.71,0.903,1.28,0.78,1.061,2.007,True,1.919,182.0,strong expansion,"Directional corridor scenario based on source labor supply, skills, destination demand, policy, diaspora networks, climate pressure and settlement retention; not an official bilateral flow forecast."
LVA,Latvia,Ukrainian,UKR,2.2,2.7,0.5,41181,40801,2.57,2.84,2.57,2.84,0.27,0.615,0.82,0.52,0.666,0.96,1.0,0.78,0.935,2.227,True,1.914,-0.9,established/gradual,"Directional corridor scenario based on source labor supply, skills, destination demand, policy, diaspora networks, climate pressure and settlement retention; not an official bilateral flow forecast."
ITA,Italy,Ukrainian,UKR,0.7,0.77,0.07,415400,401245,0.75,0.8,0.75,0.8,0.05,0.615,0.82,0.52,0.754,0.884,1.0,0.78,0.951,2.174,True,1.9,-3.4,established/gradual,"Directional corridor scenario based on source labor supply, skills, destination demand, policy, diaspora networks, climate pressure and settlement retention; not an official bilateral flow forecast."
ESP,Spain,Colombian,COL,1.2,2.47,1.27,574926,1110056,2.11,2.96,2.11,2.96,0.84,0.632,0.78,0.6,0.71,0.915,1.24,0.78,1.048,2.007,True,1.895,93.1,strong expansion,"Directional corridor scenario based on source labor supply, skills, destination demand, policy, diaspora networks, climate pressure and settlement retention; not an official bilateral flow forecast."
POL,Poland,Vietnamese,VNM,0.3,0.35,0.05,115618,114612,0.33,0.37,0.33,0.37,0.04,0.71,0.84,0.68,0.654,0.851,1.0,0.78,0.937,2.171,True,1.888,-0.9,established/gradual,"Directional corridor scenario based on source labor supply, skills, destination demand, policy, diaspora networks, climate pressure and settlement retention; not an official bilateral flow forecast."
AUS,Australia,Vietnamese,VNM,1.3,1.76,0.46,347272,571760,1.6,1.96,1.6,1.96,0.36,0.71,0.84,0.68,0.702,0.92,1.18,0.9,1.116,1.81,True,1.875,64.6,strong expansion,"Directional corridor scenario based on source labor supply, skills, destination demand, policy, diaspora networks, climate pressure and settlement retention; not an official bilateral flow forecast."
KWT,Kuwait,Pakistani,PAK,6.0,5.87,-0.13,296070,373470,5.76,5.99,5.76,5.99,0.23,0.769,0.7,0.74,0.687,1.054,1.0,0.48,1.003,2.152,True,1.867,26.1,strong expansion,"Directional corridor scenario based on source labor supply, skills, destination demand, policy, diaspora networks, climate pressure and settlement retention; not an official bilateral flow forecast."
ESP,Spain,Moroccan,MAR,2.3,4.35,2.05,1101942,1953500,3.98,4.81,3.98,4.81,0.83,0.63,0.7,0.58,0.71,0.963,1.24,0.78,1.073,2.007,True,1.863,77.3,strong expansion,"Directional corridor scenario based on source labor supply, skills, destination demand, policy, diaspora networks, climate pressure and settlement retention; not an official bilateral flow forecast."
QAT,Qatar,Filipino,PHL,7.3,7.08,-0.22,222535,294699,7.03,7.13,7.03,7.13,0.11,0.759,0.88,0.64,0.681,1.074,1.0,0.42,0.984,2.0,True,1.862,32.4,strong expansion,"Directional corridor scenario based on source labor supply, skills, destination demand, policy, diaspora networks, climate pressure and settlement retention; not an official bilateral flow forecast."
QAT,Qatar,Indian,IND;PAK;BGD;LKA;NPL,17.4,17.09,-0.31,530427,711842,16.91,17.31,16.91,17.31,0.41,0.718,0.752,0.684,0.681,1.169,1.108,0.42,1.045,2.0,True,1.857,34.2,strong expansion,"Directional corridor scenario based on source labor supply, skills, destination demand, policy, diaspora networks, climate pressure and settlement retention; not an official bilateral flow forecast."
QAT,Qatar,Pakistani,PAK,4.0,3.96,-0.04,121937,164795,3.91,4.02,3.91,4.02,0.11,0.769,0.7,0.74,0.681,1.013,1.26,0.42,1.072,2.0,True,1.855,35.1,strong expansion,"Directional corridor scenario based on source labor supply, skills, destination demand, policy, diaspora networks, climate pressure and settlement retention; not an official bilateral flow forecast."
KWT,Kuwait,Egyptian,EGY,10.0,11.4,1.4,493451,725676,11.16,11.67,11.16,11.67,0.51,0.7,0.72,0.66,0.687,1.108,1.0,0.48,0.984,2.152,True,1.851,47.1,strong expansion,"Directional corridor scenario based on source labor supply, skills, destination demand, policy, diaspora networks, climate pressure and settlement retention; not an official bilateral flow forecast."
POL,Poland,Ukrainian,UKR,2.0,2.32,0.32,770784,761413,2.22,2.45,2.22,2.45,0.23,0.615,0.82,0.52,0.654,0.952,1.0,0.78,0.925,2.171,True,1.846,-1.2,established/gradual,"Directional corridor scenario based on source labor supply, skills, destination demand, policy, diaspora networks, climate pressure and settlement retention; not an official bilateral flow forecast."
KWT,Kuwait,Bangladeshi,BGD,8.0,7.81,-0.19,394761,497556,7.67,7.98,7.67,7.98,0.3,0.735,0.68,0.84,0.687,1.084,1.0,0.48,0.996,2.152,True,1.835,26.0,strong expansion,"Directional corridor scenario based on source labor supply, skills, destination demand, policy, diaspora networks, climate pressure and settlement retention; not an official bilateral flow forecast."
ITA,Italy,Moroccan,MAR,1.2,2.57,1.37,712114,1331388,2.28,2.93,2.28,2.93,0.65,0.63,0.7,0.58,0.754,0.915,1.0,0.78,0.975,2.174,True,1.833,87.0,strong expansion,"Directional corridor scenario based on source labor supply, skills, destination demand, policy, diaspora networks, climate pressure and settlement retention; not an official bilateral flow forecast."
DEU,Germany,Ukrainian,UKR,0.8,1.89,1.09,676418,1476678,1.51,2.35,1.51,2.35,0.84,0.615,0.82,0.52,0.733,0.891,1.24,0.8,1.043,1.903,True,1.824,118.3,strong expansion,"Directional corridor scenario based on source labor supply, skills, destination demand, policy, diaspora networks, climate pressure and settlement retention; not an official bilateral flow forecast."
GRC,Greece,Pakistani,PAK,0.3,0.35,0.05,30143,30732,0.33,0.37,0.33,0.37,0.04,0.769,0.7,0.74,0.692,0.851,1.0,0.78,0.994,2.1,True,1.806,2.0,established/gradual,"Directional corridor scenario based on source labor supply, skills, destination demand, policy, diaspora networks, climate pressure and settlement retention; not an official bilateral flow forecast."
PLW,Palau,Filipino,PHL,12.6,13.96,1.36,2233,2169,13.52,14.49,13.52,14.49,0.97,0.759,0.88,0.64,0.581,1.133,1.0,0.78,1.039,1.833,True,1.802,-2.9,established/gradual,"Directional corridor scenario based on source labor supply, skills, destination demand, policy, diaspora networks, climate pressure and settlement retention; not an official bilateral flow forecast."
BHR,Bahrain,Filipino,PHL,4.0,3.96,-0.04,64282,84639,3.86,4.06,3.86,4.06,0.2,0.759,0.88,0.64,0.657,1.013,1.0,0.5,0.967,1.946,True,1.78,31.7,strong expansion,"Directional corridor scenario based on source labor supply, skills, destination demand, policy, diaspora networks, climate pressure and settlement retention; not an official bilateral flow forecast."
AUS,Australia,Indian,IND;PAK;BGD;LKA;NPL,3.1,5.52,2.42,828109,1794034,4.62,6.7,4.62,6.7,2.08,0.718,0.752,0.684,0.702,0.989,1.056,0.9,1.101,1.81,True,1.77,116.6,strong expansion,"Directional corridor scenario based on source labor supply, skills, destination demand, policy, diaspora networks, climate pressure and settlement retention; not an official bilateral flow forecast."
USA,USA,Asian (Filipino),PHL,1.2,1.64,0.44,4145119,6229035,1.5,1.8,1.5,1.8,0.3,0.759,0.88,0.64,0.68,0.915,1.18,0.88,1.126,1.652,True,1.76,50.3,strong expansion,"Directional corridor scenario based on source labor supply, skills, destination demand, policy, diaspora networks, climate pressure and settlement retention; not an official bilateral flow forecast."
USA,USA,Hispanic / Latino (Mexican),MEX,11.0,18.06,7.06,37996922,68782349,15.99,20.62,15.99,20.62,4.62,0.593,0.74,0.56,0.68,1.118,1.36,0.88,1.184,1.652,True,1.727,81.0,strong expansion,"Directional corridor scenario based on source labor supply, skills, destination demand, policy, diaspora networks, climate pressure and settlement retention; not an official bilateral flow forecast."
JPN,Japan,Chinese,CHN,0.8,1.06,0.26,990024,1116548,0.95,1.21,0.95,1.21,0.27,0.52,0.58,0.45,0.83,0.891,1.0,0.68,0.905,2.343,True,1.72,12.8,moderate expansion,"Directional corridor scenario based on source labor supply, skills, destination demand, policy, diaspora networks, climate pressure and settlement retention; not an official bilateral flow forecast."
BHR,Bahrain,Indian,IND;PAK;BGD;LKA;NPL,13.0,12.93,-0.07,208918,276662,12.61,13.31,12.61,13.31,0.7,0.718,0.752,0.684,0.657,1.137,1.0,0.5,0.993,1.946,True,1.717,32.4,strong expansion,"Directional corridor scenario based on source labor supply, skills, destination demand, policy, diaspora networks, climate pressure and settlement retention; not an official bilateral flow forecast."
GBR,UK,Pakistani,PAK,2.3,4.63,2.33,1590178,3495009,4.22,5.13,4.22,5.13,0.91,0.769,0.7,0.74,0.655,0.963,1.32,0.84,1.198,1.652,True,1.712,119.8,strong expansion,"Directional corridor scenario based on source labor supply, skills, destination demand, policy, diaspora networks, climate pressure and settlement retention; not an official bilateral flow forecast."
ESP,Spain,Ukrainian,UKR,0.7,0.74,0.04,335374,331124,0.72,0.75,0.72,0.75,0.03,0.615,0.82,0.52,0.71,0.884,1.0,0.78,0.928,2.007,True,1.712,-1.3,established/gradual,"Directional corridor scenario based on source labor supply, skills, destination demand, policy, diaspora networks, climate pressure and settlement retention; not an official bilateral flow forecast."
ARE,UAE,Egyptian,EGY,4.4,4.98,0.58,485194,764754,4.94,5.01,4.94,5.01,0.06,0.7,0.72,0.66,0.747,1.022,1.0,0.46,0.979,2.0,True,1.711,57.6,strong expansion,"Directional corridor scenario based on source labor supply, skills, destination demand, policy, diaspora networks, climate pressure and settlement retention; not an official bilateral flow forecast."
QAT,Qatar,Bangladeshi,BGD,13.5,13.17,-0.33,411538,548386,13.05,13.3,13.05,13.3,0.25,0.735,0.68,0.84,0.681,1.141,1.0,0.42,0.996,2.0,True,1.705,33.3,strong expansion,"Directional corridor scenario based on source labor supply, skills, destination demand, policy, diaspora networks, climate pressure and settlement retention; not an official bilateral flow forecast."
DEU,Germany,Syrian,SYR,1.4,3.41,2.01,1183731,2673427,2.95,4.02,2.95,4.02,1.07,0.672,0.6,0.74,0.733,0.925,1.18,0.8,1.082,1.903,True,1.688,125.8,strong expansion,"Directional corridor scenario based on source labor supply, skills, destination demand, policy, diaspora networks, climate pressure and settlement retention; not an official bilateral flow forecast."
QAT,Qatar,Egyptian,EGY,8.5,9.51,1.01,259116,395949,9.41,9.61,9.41,9.61,0.2,0.7,0.72,0.66,0.681,1.09,1.0,0.42,0.956,2.0,True,1.671,52.8,strong expansion,"Directional corridor scenario based on source labor supply, skills, destination demand, policy, diaspora networks, climate pressure and settlement retention; not an official bilateral flow forecast."
MDV,Maldives,Indian expatriate,IND;PAK;BGD;LKA;NPL,6.0,6.71,0.71,31668,39576,6.48,6.98,6.48,6.98,0.5,0.718,0.752,0.684,0.564,1.054,1.0,0.78,0.968,1.942,True,1.67,25.0,strong expansion,"Directional corridor scenario based on source labor supply, skills, destination demand, policy, diaspora networks, climate pressure and settlement retention; not an official bilateral flow forecast."
EST,Estonia,Ukrainian,UKR,2.1,2.51,0.41,28572,29514,2.41,2.64,2.41,2.64,0.23,0.615,0.82,0.52,0.618,0.956,1.0,0.78,0.906,2.005,True,1.669,3.3,established/gradual,"Directional corridor scenario based on source labor supply, skills, destination demand, policy, diaspora networks, climate pressure and settlement retention; not an official bilateral flow forecast."
BHR,Bahrain,Pakistani,PAK,6.0,5.97,-0.03,96424,127792,5.82,6.15,5.82,6.15,0.33,0.769,0.7,0.74,0.657,1.054,1.0,0.5,0.99,1.946,True,1.666,32.5,strong expansion,"Directional corridor scenario based on source labor supply, skills, destination demand, policy, diaspora networks, climate pressure and settlement retention; not an official bilateral flow forecast."
CAN,Canada,Chinese,CHN,4.9,5.54,0.64,1947379,2529362,5.17,6.13,5.17,6.13,0.96,0.52,0.58,0.45,0.747,1.033,1.14,0.92,1.033,1.984,True,1.662,29.9,strong expansion,"Directional corridor scenario based on source labor supply, skills, destination demand, policy, diaspora networks, climate pressure and settlement retention; not an official bilateral flow forecast."
MDV,Maldives,Bangladeshi expatriate,BGD,10.0,11.26,1.26,52780,66436,10.85,11.75,10.85,11.75,0.89,0.735,0.68,0.84,0.564,1.108,1.0,0.78,1.0,1.942,True,1.662,25.9,strong expansion,"Directional corridor scenario based on source labor supply, skills, destination demand, policy, diaspora networks, climate pressure and settlement retention; not an official bilateral flow forecast."
GBR,UK,Black African,NGA;GHA;KEN,2.5,5.12,2.62,1728455,3868932,4.49,5.95,4.49,5.95,1.46,0.757,0.737,0.54,0.655,0.97,1.193,0.84,1.131,1.652,True,1.647,123.8,moderate expansion,"Directional corridor scenario based on source labor supply, skills, destination demand, policy, diaspora networks, climate pressure and settlement retention; not an official bilateral flow forecast."
BHR,Bahrain,Bangladeshi,BGD,9.0,8.96,-0.04,144635,191720,8.74,9.23,8.74,9.23,0.49,0.735,0.68,0.84,0.657,1.096,1.0,0.5,0.987,1.946,True,1.644,32.6,moderate expansion,"Directional corridor scenario based on source labor supply, skills, destination demand, policy, diaspora networks, climate pressure and settlement retention; not an official bilateral flow forecast."
KWT,Kuwait,Syrian,SYR,3.0,3.39,0.39,148035,215554,3.32,3.45,3.32,3.45,0.13,0.672,0.6,0.74,0.687,0.986,1.0,0.48,0.921,2.152,True,1.625,45.6,moderate expansion,"Directional corridor scenario based on source labor supply, skills, destination demand, policy, diaspora networks, climate pressure and settlement retention; not an official bilateral flow forecast."
GBR,UK,Indian,IND;PAK;BGD;LKA;NPL,3.1,4.74,1.64,2143284,3576827,4.3,5.29,4.3,5.29,0.99,0.718,0.752,0.684,0.655,0.989,1.168,0.84,1.1,1.652,True,1.614,66.9,moderate expansion,"Directional corridor scenario based on source labor supply, skills, destination demand, policy, diaspora networks, climate pressure and settlement retention; not an official bilateral flow forecast."
CZE,Czechia,Vietnamese,VNM,1.2,1.34,0.14,128830,131234,1.29,1.39,1.29,1.39,0.1,0.71,0.84,0.68,0.587,0.915,1.0,0.78,0.924,1.864,True,1.598,1.9,established/gradual,"Directional corridor scenario based on source labor supply, skills, destination demand, policy, diaspora networks, climate pressure and settlement retention; not an official bilateral flow forecast."
ROU,Romania,Ukrainian,UKR,0.5,0.57,0.07,95075,91300,0.55,0.6,0.55,0.6,0.05,0.615,0.82,0.52,0.616,0.869,1.0,0.78,0.872,1.994,True,1.598,-4.0,established/gradual,"Directional corridor scenario based on source labor supply, skills, destination demand, policy, diaspora networks, climate pressure and settlement retention; not an official bilateral flow forecast."
FIN,Finland,Vietnamese,VNM,0.3,0.34,0.04,16852,18182,0.33,0.36,0.33,0.36,0.03,0.71,0.84,0.68,0.596,0.851,1.0,0.78,0.903,1.902,True,1.594,7.9,moderate expansion,"Directional corridor scenario based on source labor supply, skills, destination demand, policy, diaspora networks, climate pressure and settlement retention; not an official bilateral flow forecast."
CHE,Switzerland,Filipino,PHL,0.6,0.87,0.27,53532,81221,0.78,0.99,0.78,0.99,0.21,0.759,0.88,0.64,0.556,0.876,1.0,0.78,0.912,1.844,True,1.591,51.7,moderate expansion,"Directional corridor scenario based on source labor supply, skills, destination demand, policy, diaspora networks, climate pressure and settlement retention; not an official bilateral flow forecast."
ITA,Italy,Chinese,CHN,0.8,0.78,-0.02,474743,407118,0.76,0.81,0.76,0.81,0.05,0.52,0.58,0.45,0.754,0.891,1.0,0.78,0.892,2.174,True,1.573,-14.2,established/gradual,"Directional corridor scenario based on source labor supply, skills, destination demand, policy, diaspora networks, climate pressure and settlement retention; not an official bilateral flow forecast."
BHR,Bahrain,Egyptian,EGY,3.0,3.44,0.44,48212,73504,3.35,3.54,3.35,3.54,0.19,0.7,0.72,0.66,0.657,0.986,1.0,0.5,0.924,1.946,True,1.572,52.5,moderate expansion,"Directional corridor scenario based on source labor supply, skills, destination demand, policy, diaspora networks, climate pressure and settlement retention; not an official bilateral flow forecast."
NOR,Norway,Filipino,PHL,0.6,0.67,0.07,33460,39327,0.64,0.7,0.64,0.7,0.05,0.759,0.88,0.64,0.639,0.876,1.0,0.78,0.966,1.719,True,1.571,17.5,moderate expansion,"Directional corridor scenario based on source labor supply, skills, destination demand, policy, diaspora networks, climate pressure and settlement retention; not an official bilateral flow forecast."
CZE,Czechia,Ukrainian,UKR,4.0,4.44,0.44,429434,435894,4.29,4.62,4.29,4.62,0.33,0.615,0.82,0.52,0.587,1.013,1.0,0.78,0.908,1.864,True,1.555,1.5,established/gradual,"Directional corridor scenario based on source labor supply, skills, destination demand, policy, diaspora networks, climate pressure and settlement retention; not an official bilateral flow forecast."
BLR,Belarus,Ukrainian,UKR,1.7,1.98,0.28,153964,147209,1.9,2.07,1.9,2.07,0.17,0.615,0.82,0.52,0.587,0.939,1.0,0.78,0.882,1.905,True,1.544,-4.4,established/gradual,"Directional corridor scenario based on source labor supply, skills, destination demand, policy, diaspora networks, climate pressure and settlement retention; not an official bilateral flow forecast."
GBR,UK,Bangladeshi,BGD,1.0,2.0,1.0,691382,1510095,1.84,2.19,1.84,2.19,0.35,0.735,0.68,0.84,0.655,0.903,1.22,0.84,1.087,1.652,True,1.537,118.4,moderate expansion,"Directional corridor scenario based on source labor supply, skills, destination demand, policy, diaspora networks, climate pressure and settlement retention; not an official bilateral flow forecast."
USA,USA,Black (African immigrant),NGA;GHA;KEN,1.0,1.72,0.72,3454266,6531782,1.53,1.94,1.53,1.94,0.41,0.757,0.737,0.54,0.68,0.903,1.04,0.88,1.049,1.652,True,1.528,89.1,moderate expansion,"Directional corridor scenario based on source labor supply, skills, destination demand, policy, diaspora networks, climate pressure and settlement retention; not an official bilateral flow forecast."
AUT,Austria,Indian,IND;PAK;BGD;LKA;NPL,0.4,0.44,0.04,36483,38109,0.42,0.45,0.42,0.45,0.03,0.718,0.752,0.684,0.594,0.86,1.0,0.78,0.909,1.892,True,1.528,4.5,established/gradual,"Directional corridor scenario based on source labor supply, skills, destination demand, policy, diaspora networks, climate pressure and settlement retention; not an official bilateral flow forecast."
USA,USA,Asian (Indian),IND;PAK;BGD;LKA;NPL,1.6,2.57,0.97,5526825,9775474,2.21,3.02,2.21,3.02,0.81,0.718,0.752,0.684,0.68,0.935,1.04,0.88,1.04,1.652,True,1.526,76.9,moderate expansion,"Directional corridor scenario based on source labor supply, skills, destination demand, policy, diaspora networks, climate pressure and settlement retention; not an official bilateral flow forecast."
HUN,Hungary,Ukrainian,UKR,1.0,1.12,0.12,96761,97418,1.08,1.17,1.08,1.17,0.09,0.615,0.82,0.52,0.595,0.903,1.0,0.78,0.874,1.9,True,1.526,0.7,established/gradual,"Directional corridor scenario based on source labor supply, skills, destination demand, policy, diaspora networks, climate pressure and settlement retention; not an official bilateral flow forecast."
PRT,Portugal,Ukrainian,UKR,0.3,0.34,0.04,31276,32944,0.32,0.35,0.32,0.35,0.03,0.615,0.82,0.52,0.65,0.851,1.0,0.78,0.884,1.875,True,1.523,5.3,moderate expansion,"Directional corridor scenario based on source labor supply, skills, destination demand, policy, diaspora networks, climate pressure and settlement retention; not an official bilateral flow forecast."
USA,USA,Asian (Vietnamese),VNM,0.7,0.81,0.11,2417986,3070193,0.77,0.85,0.77,0.85,0.08,0.71,0.84,0.68,0.68,0.884,1.0,0.88,0.991,1.652,True,1.519,27.0,moderate expansion,"Directional corridor scenario based on source labor supply, skills, destination demand, policy, diaspora networks, climate pressure and settlement retention; not an official bilateral flow forecast."
CAN,Canada,West Asian (Iranian/Afghan/Turkish),AFG,1.0,1.62,0.62,397424,738940,1.49,1.81,1.49,1.81,0.32,0.667,0.42,0.86,0.747,0.903,1.0,0.92,1.025,1.984,True,1.503,85.9,moderate expansion,"Directional corridor scenario based on source labor supply, skills, destination demand, policy, diaspora networks, climate pressure and settlement retention; not an official bilateral flow forecast."
NOR,Norway,Vietnamese,VNM,0.5,0.55,0.05,27883,32639,0.53,0.58,0.53,0.58,0.04,0.71,0.84,0.68,0.639,0.869,1.0,0.78,0.936,1.719,True,1.493,17.1,moderate expansion,"Directional corridor scenario based on source labor supply, skills, destination demand, policy, diaspora networks, climate pressure and settlement retention; not an official bilateral flow forecast."
CHE,Switzerland,Indian,IND;PAK;BGD;LKA;NPL,1.1,2.03,0.93,98142,189933,1.77,2.38,1.77,2.38,0.62,0.718,0.752,0.684,0.556,0.909,1.0,0.78,0.905,1.844,True,1.483,93.5,moderate expansion,"Directional corridor scenario based on source labor supply, skills, destination demand, policy, diaspora networks, climate pressure and settlement retention; not an official bilateral flow forecast."
DEU,Germany,Iraqi,IRQ,0.5,1.01,0.51,422761,789559,0.91,1.14,0.91,1.14,0.23,0.651,0.58,0.7,0.733,0.869,1.0,0.8,0.96,1.903,True,1.482,86.8,moderate expansion,"Directional corridor scenario based on source labor supply, skills, destination demand, policy, diaspora networks, climate pressure and settlement retention; not an official bilateral flow forecast."
DNK,Denmark,Filipino,PHL,0.4,0.44,0.04,23910,26764,0.42,0.45,0.42,0.45,0.03,0.759,0.88,0.64,0.617,0.86,1.0,0.78,0.945,1.652,True,1.477,11.9,moderate expansion,"Directional corridor scenario based on source labor supply, skills, destination demand, policy, diaspora networks, climate pressure and settlement retention; not an official bilateral flow forecast."
IRL,Ireland,Filipino,PHL,0.7,0.78,0.08,36785,46311,0.75,0.81,0.75,0.81,0.05,0.759,0.88,0.64,0.648,0.884,1.0,0.78,0.976,1.585,True,1.463,25.9,moderate expansion,"Directional corridor scenario based on source labor supply, skills, destination demand, policy, diaspora networks, climate pressure and settlement retention; not an official bilateral flow forecast."
USA,USA,Asian (Pakistani),PAK,0.2,0.33,0.13,690853,1273127,0.3,0.38,0.3,0.38,0.08,0.769,0.7,0.74,0.68,0.842,1.0,0.88,1.005,1.652,True,1.436,84.3,moderate expansion,"Directional corridor scenario based on source labor supply, skills, destination demand, policy, diaspora networks, climate pressure and settlement retention; not an official bilateral flow forecast."
ESP,Spain,Chinese,CHN,0.8,0.75,-0.05,383284,336242,0.74,0.76,0.74,0.76,0.02,0.52,0.58,0.45,0.71,0.891,1.0,0.78,0.872,2.007,True,1.419,-12.3,established/gradual,"Directional corridor scenario based on source labor supply, skills, destination demand, policy, diaspora networks, climate pressure and settlement retention; not an official bilateral flow forecast."
AUS,Australia,Chinese,CHN,5.5,6.4,0.9,1469226,2081452,5.94,6.96,5.94,6.96,1.02,0.52,0.58,0.45,0.702,1.045,1.0,0.9,0.949,1.81,True,1.393,41.7,moderate expansion,"Directional corridor scenario based on source labor supply, skills, destination demand, policy, diaspora networks, climate pressure and settlement retention; not an official bilateral flow forecast."
USA,USA,Hispanic / Latino (Colombian),COL,0.4,0.5,0.1,1381706,1918080,0.47,0.54,0.47,0.54,0.07,0.632,0.78,0.6,0.68,0.86,1.0,0.88,0.932,1.652,True,1.387,38.8,moderate expansion,"Directional corridor scenario based on source labor supply, skills, destination demand, policy, diaspora networks, climate pressure and settlement retention; not an official bilateral flow forecast."
USA,USA,Hispanic / Latino (Venezuelan),VEN,0.3,0.48,0.18,1036280,1830586,0.42,0.55,0.42,0.55,0.13,0.636,0.78,0.64,0.68,0.851,1.0,0.88,0.931,1.652,True,1.386,76.6,moderate expansion,"Directional corridor scenario based on source labor supply, skills, destination demand, policy, diaspora networks, climate pressure and settlement retention; not an official bilateral flow forecast."
USA,USA,Asian (Bangladeshi),BGD,0.1,0.18,0.08,345427,699892,0.16,0.21,0.16,0.21,0.05,0.735,0.68,0.84,0.68,0.831,1.0,0.88,0.98,1.652,True,1.386,102.6,moderate expansion,"Directional corridor scenario based on source labor supply, skills, destination demand, policy, diaspora networks, climate pressure and settlement retention; not an official bilateral flow forecast."
AUT,Austria,Syrian,SYR,0.6,1.49,0.89,54725,130045,1.28,1.77,1.28,1.77,0.48,0.672,0.6,0.74,0.594,0.876,1.0,0.78,0.892,1.892,True,1.384,137.6,moderate expansion,"Directional corridor scenario based on source labor supply, skills, destination demand, policy, diaspora networks, climate pressure and settlement retention; not an official bilateral flow forecast."
USA,USA,Hispanic / Latino (Guatemalan),GTM,0.8,1.38,0.58,2763413,5260133,1.24,1.55,1.24,1.55,0.31,0.616,0.56,0.7,0.68,0.891,1.24,0.88,1.028,1.652,True,1.362,90.3,moderate expansion,"Directional corridor scenario based on source labor supply, skills, destination demand, policy, diaspora networks, climate pressure and settlement retention; not an official bilateral flow forecast."
SWE,Sweden,Indian,IND;PAK;BGD;LKA;NPL,0.5,0.75,0.25,53035,85183,0.66,0.87,0.66,0.87,0.21,0.718,0.752,0.684,0.617,0.869,1.0,0.78,0.927,1.652,True,1.36,60.6,moderate expansion,"Directional corridor scenario based on source labor supply, skills, destination demand, policy, diaspora networks, climate pressure and settlement retention; not an official bilateral flow forecast."
DEU,Germany,Afghan,AFG,0.4,0.88,0.48,338209,692037,0.77,1.03,0.77,1.03,0.26,0.667,0.42,0.86,0.733,0.86,1.0,0.8,0.966,1.903,True,1.359,104.6,moderate expansion,"Directional corridor scenario based on source labor supply, skills, destination demand, policy, diaspora networks, climate pressure and settlement retention; not an official bilateral flow forecast."
DNK,Denmark,Indian,IND;PAK;BGD;LKA;NPL,0.4,0.44,0.04,23910,26712,0.42,0.45,0.42,0.45,0.03,0.718,0.752,0.684,0.617,0.86,1.0,0.78,0.923,1.652,True,1.355,11.7,moderate expansion,"Directional corridor scenario based on source labor supply, skills, destination demand, policy, diaspora networks, climate pressure and settlement retention; not an official bilateral flow forecast."
IRL,Ireland,Indian,IND;PAK;BGD;LKA;NPL,0.9,1.0,0.1,47295,59471,0.96,1.03,0.96,1.03,0.07,0.718,0.752,0.684,0.648,0.897,1.0,0.78,0.959,1.585,True,1.35,25.7,moderate expansion,"Directional corridor scenario based on source labor supply, skills, destination demand, policy, diaspora networks, climate pressure and settlement retention; not an official bilateral flow forecast."
NLD,Netherlands,Somali,SOM;ETH;KEN,0.7,1.47,0.77,127601,278383,1.32,1.66,1.32,1.66,0.34,0.667,0.627,0.597,0.67,0.884,1.0,0.78,0.936,1.719,True,1.339,118.2,moderate expansion,"Directional corridor scenario based on source labor supply, skills, destination demand, policy, diaspora networks, climate pressure and settlement retention; not an official bilateral flow forecast."
ISL,Iceland,Filipino,PHL,0.6,0.66,0.06,2360,2860,0.64,0.68,0.64,0.68,0.04,0.759,0.88,0.64,0.527,0.876,1.0,0.78,0.893,1.585,True,1.339,21.2,moderate expansion,"Directional corridor scenario based on source labor supply, skills, destination demand, policy, diaspora networks, climate pressure and settlement retention; not an official bilateral flow forecast."
MDV,Maldives,Chinese expatriate,CHN,5.0,4.99,-0.01,26390,29420,4.86,5.14,4.86,5.14,0.28,0.52,0.58,0.45,0.564,1.035,1.0,0.78,0.848,1.942,True,1.336,11.5,moderate expansion,"Directional corridor scenario based on source labor supply, skills, destination demand, policy, diaspora networks, climate pressure and settlement retention; not an official bilateral flow forecast."
FRA,France,Algerian origin,DZA,2.8,4.31,1.51,1863359,2939030,4.01,4.66,4.01,4.66,0.65,0.632,0.68,0.6,0.596,0.98,1.3,0.8,1.025,1.518,True,1.332,57.7,moderate expansion,"Directional corridor scenario based on source labor supply, skills, destination demand, policy, diaspora networks, climate pressure and settlement retention; not an official bilateral flow forecast."
FRA,France,Moroccan origin,MAR,2.6,4.12,1.52,1730262,2807374,3.83,4.45,3.83,4.45,0.62,0.63,0.7,0.58,0.596,0.974,1.28,0.8,1.013,1.518,True,1.33,62.3,moderate expansion,"Directional corridor scenario based on source labor supply, skills, destination demand, policy, diaspora networks, climate pressure and settlement retention; not an official bilateral flow forecast."
DNK,Denmark,Ukrainian,UKR,0.5,0.89,0.39,29887,54578,0.75,1.09,0.75,1.09,0.35,0.615,0.82,0.52,0.617,0.869,1.0,0.78,0.873,1.652,True,1.325,82.6,moderate expansion,"Directional corridor scenario based on source labor supply, skills, destination demand, policy, diaspora networks, climate pressure and settlement retention; not an official bilateral flow forecast."
USA,USA,Hispanic / Latino (Honduran),HND,0.4,0.76,0.36,1381706,2886116,0.67,0.87,0.67,0.87,0.2,0.609,0.56,0.72,0.68,0.86,1.22,0.88,0.999,1.652,True,1.324,108.9,moderate expansion,"Directional corridor scenario based on source labor supply, skills, destination demand, policy, diaspora networks, climate pressure and settlement retention; not an official bilateral flow forecast."
NLD,Netherlands,Syrian,SYR,0.6,1.32,0.72,109372,251049,1.13,1.59,1.13,1.59,0.47,0.672,0.6,0.74,0.67,0.876,1.0,0.78,0.936,1.719,True,1.319,129.5,moderate expansion,"Directional corridor scenario based on source labor supply, skills, destination demand, policy, diaspora networks, climate pressure and settlement retention; not an official bilateral flow forecast."
FRA,France,Southeast Asian (Vietnamese/Cambodian),VNM,0.6,0.71,0.11,399291,485332,0.68,0.74,0.68,0.74,0.06,0.71,0.84,0.68,0.596,0.876,1.0,0.8,0.917,1.518,True,1.292,21.5,moderate expansion,"Directional corridor scenario based on source labor supply, skills, destination demand, policy, diaspora networks, climate pressure and settlement retention; not an official bilateral flow forecast."
SAU,Saudi Arabia,Filipino,PHL,2.7,2.48,-0.22,916994,1182502,2.43,2.54,2.43,2.54,0.11,0.759,0.88,0.64,0.599,0.977,1.0,0.44,0.902,1.5,True,1.28,29.0,moderate expansion,"Directional corridor scenario based on source labor supply, skills, destination demand, policy, diaspora networks, climate pressure and settlement retention; not an official bilateral flow forecast."
PLW,Palau,Chinese,CHN,5.7,5.65,-0.05,1010,878,5.53,5.8,5.53,5.8,0.27,0.52,0.58,0.45,0.581,1.048,1.0,0.78,0.86,1.833,True,1.278,-13.1,established/gradual,"Directional corridor scenario based on source labor supply, skills, destination demand, policy, diaspora networks, climate pressure and settlement retention; not an official bilateral flow forecast."
PRT,Portugal,Chinese,CHN,0.5,0.51,0.01,52126,49472,0.49,0.53,0.49,0.53,0.04,0.52,0.58,0.45,0.65,0.869,1.0,0.78,0.838,1.875,True,1.274,-5.1,established/gradual,"Directional corridor scenario based on source labor supply, skills, destination demand, policy, diaspora networks, climate pressure and settlement retention; not an official bilateral flow forecast."
OMN,Oman,Filipino,PHL,3.0,2.95,-0.05,158446,231271,2.89,3.03,2.89,3.03,0.13,0.759,0.88,0.64,0.568,0.986,1.0,0.48,0.896,1.5,True,1.271,46.0,moderate expansion,"Directional corridor scenario based on source labor supply, skills, destination demand, policy, diaspora networks, climate pressure and settlement retention; not an official bilateral flow forecast."
MYS,Malaysia,Indonesian migrant workers,IDN,0.8,0.86,0.06,284461,379667,0.83,0.89,0.83,0.89,0.07,0.736,0.78,0.76,0.527,0.891,1.0,0.78,0.888,1.585,True,1.268,33.5,moderate expansion,"Directional corridor scenario based on source labor supply, skills, destination demand, policy, diaspora networks, climate pressure and settlement retention; not an official bilateral flow forecast."
USA,USA,Hispanic / Latino (Salvadoran),SLV,1.1,1.73,0.63,3799692,6607461,1.59,1.91,1.59,1.91,0.32,0.585,0.62,0.66,0.68,0.909,1.0,0.88,0.924,1.652,True,1.265,73.9,moderate expansion,"Directional corridor scenario based on source labor supply, skills, destination demand, policy, diaspora networks, climate pressure and settlement retention; not an official bilateral flow forecast."
SWE,Sweden,Syrian,SYR,1.8,3.38,1.58,190926,382178,3.01,3.85,3.01,3.85,0.84,0.672,0.6,0.74,0.617,0.944,1.0,0.78,0.933,1.652,True,1.264,100.2,moderate expansion,"Directional corridor scenario based on source labor supply, skills, destination demand, policy, diaspora networks, climate pressure and settlement retention; not an official bilateral flow forecast."
HUN,Hungary,Chinese,CHN,0.4,0.4,0.0,38705,35195,0.39,0.42,0.39,0.42,0.03,0.52,0.58,0.45,0.595,0.86,1.0,0.78,0.811,1.9,True,1.25,-9.1,established/gradual,"Directional corridor scenario based on source labor supply, skills, destination demand, policy, diaspora networks, climate pressure and settlement retention; not an official bilateral flow forecast."
FRA,France,Tunisian origin,TUN,0.9,1.3,0.4,598937,889321,1.23,1.4,1.23,1.4,0.17,0.589,0.74,0.52,0.596,0.897,1.22,0.8,0.93,1.518,True,1.247,48.5,moderate expansion,"Directional corridor scenario based on source labor supply, skills, destination demand, policy, diaspora networks, climate pressure and settlement retention; not an official bilateral flow forecast."
DNK,Denmark,Syrian,SYR,1.1,1.97,0.87,65752,120438,1.78,2.2,1.78,2.2,0.42,0.672,0.6,0.74,0.617,0.909,1.0,0.78,0.919,1.652,True,1.245,83.2,moderate expansion,"Directional corridor scenario based on source labor supply, skills, destination demand, policy, diaspora networks, climate pressure and settlement retention; not an official bilateral flow forecast."
SWE,Sweden,Somalian,SOM;ETH;KEN,0.7,1.46,0.76,74249,165202,1.32,1.63,1.32,1.63,0.31,0.667,0.627,0.597,0.617,0.884,1.0,0.78,0.906,1.652,True,1.245,122.5,moderate expansion,"Directional corridor scenario based on source labor supply, skills, destination demand, policy, diaspora networks, climate pressure and settlement retention; not an official bilateral flow forecast."
OMN,Oman,Indian,IND;PAK;BGD;LKA;NPL,14.8,14.67,-0.13,781668,1147959,14.34,15.05,14.34,15.05,0.71,0.718,0.752,0.684,0.568,1.151,1.0,0.48,0.932,1.5,True,1.242,46.9,moderate expansion,"Directional corridor scenario based on source labor supply, skills, destination demand, policy, diaspora networks, climate pressure and settlement retention; not an official bilateral flow forecast."
AUT,Austria,Afghan,AFG,0.5,1.21,0.71,45604,105366,1.04,1.43,1.04,1.43,0.39,0.667,0.42,0.86,0.594,0.869,1.0,0.78,0.887,1.892,True,1.24,131.0,moderate expansion,"Directional corridor scenario based on source labor supply, skills, destination demand, policy, diaspora networks, climate pressure and settlement retention; not an official bilateral flow forecast."
AUT,Austria,Chinese,CHN,0.3,0.29,-0.01,27362,25337,0.28,0.3,0.28,0.3,0.02,0.52,0.58,0.45,0.594,0.851,1.0,0.78,0.807,1.892,True,1.238,-7.4,established/gradual,"Directional corridor scenario based on source labor supply, skills, destination demand, policy, diaspora networks, climate pressure and settlement retention; not an official bilateral flow forecast."
SAU,Saudi Arabia,Egyptian,EGY,2.4,2.51,0.11,815106,1196914,2.44,2.59,2.44,2.59,0.14,0.7,0.72,0.66,0.599,0.967,1.22,0.44,0.941,1.5,True,1.234,46.8,moderate expansion,"Directional corridor scenario based on source labor supply, skills, destination demand, policy, diaspora networks, climate pressure and settlement retention; not an official bilateral flow forecast."
CHE,Switzerland,Chinese,CHN,0.8,0.77,-0.03,71376,72041,0.76,0.79,0.76,0.79,0.03,0.52,0.58,0.45,0.556,0.891,1.0,0.78,0.802,1.844,True,1.199,0.9,established/gradual,"Directional corridor scenario based on source labor supply, skills, destination demand, policy, diaspora networks, climate pressure and settlement retention; not an official bilateral flow forecast."
SAU,Saudi Arabia,Indian,IND;PAK;BGD;LKA;NPL,4.4,4.04,-0.36,1494361,1927948,3.96,4.15,3.96,4.15,0.19,0.718,0.752,0.684,0.599,1.022,1.0,0.44,0.898,1.5,True,1.197,29.0,moderate expansion,"Directional corridor scenario based on source labor supply, skills, destination demand, policy, diaspora networks, climate pressure and settlement retention; not an official bilateral flow forecast."
MYS,Malaysia,Bangladeshi/Nepali migrant,BGD,0.6,0.64,0.04,213346,284817,0.62,0.67,0.62,0.67,0.05,0.735,0.68,0.84,0.527,0.876,1.0,0.78,0.882,1.585,True,1.197,33.5,moderate expansion,"Directional corridor scenario based on source labor supply, skills, destination demand, policy, diaspora networks, climate pressure and settlement retention; not an official bilateral flow forecast."
SAU,Saudi Arabia,Pakistani,PAK,3.9,3.6,-0.3,1324547,1715546,3.52,3.69,3.52,3.69,0.18,0.769,0.7,0.74,0.599,1.011,1.0,0.44,0.919,1.5,True,1.192,29.5,moderate expansion,"Directional corridor scenario based on source labor supply, skills, destination demand, policy, diaspora networks, climate pressure and settlement retention; not an official bilateral flow forecast."
USA,USA,Asian (Chinese),CHN,1.5,1.52,0.02,5181398,5796137,1.47,1.58,1.47,1.58,0.11,0.52,0.58,0.45,0.68,0.93,1.0,0.88,0.89,1.652,True,1.192,11.9,moderate expansion,"Directional corridor scenario based on source labor supply, skills, destination demand, policy, diaspora networks, climate pressure and settlement retention; not an official bilateral flow forecast."
OMN,Oman,Pakistani,PAK,5.0,4.95,-0.05,264077,387410,4.84,5.08,4.84,5.08,0.24,0.769,0.7,0.74,0.568,1.035,1.0,0.48,0.918,1.5,True,1.191,46.7,moderate expansion,"Directional corridor scenario based on source labor supply, skills, destination demand, policy, diaspora networks, climate pressure and settlement retention; not an official bilateral flow forecast."
COL,Colombia,Venezuelan migrant,VEN,3.0,3.22,0.22,1586591,1914002,3.11,3.35,3.11,3.35,0.24,0.636,0.78,0.64,0.512,0.986,1.0,0.78,0.864,1.518,True,1.182,20.6,moderate expansion,"Directional corridor scenario based on source labor supply, skills, destination demand, policy, diaspora networks, climate pressure and settlement retention; not an official bilateral flow forecast."
NLD,Netherlands,Afghan,AFG,0.5,0.54,0.04,91144,101793,0.52,0.56,0.52,0.56,0.04,0.667,0.42,0.86,0.67,0.869,1.0,0.78,0.93,1.719,True,1.181,11.7,moderate expansion,"Directional corridor scenario based on source labor supply, skills, destination demand, policy, diaspora networks, climate pressure and settlement retention; not an official bilateral flow forecast."
NLD,Netherlands,Chinese,CHN,0.5,0.48,-0.02,91144,90731,0.47,0.49,0.47,0.49,0.02,0.52,0.58,0.45,0.67,0.869,1.0,0.78,0.846,1.719,True,1.179,-0.5,established/gradual,"Directional corridor scenario based on source labor supply, skills, destination demand, policy, diaspora networks, climate pressure and settlement retention; not an official bilateral flow forecast."
SAU,Saudi Arabia,Bangladeshi,BGD,4.8,4.42,-0.38,1630212,2109446,4.33,4.54,4.33,4.54,0.21,0.735,0.68,0.84,0.599,1.031,1.0,0.44,0.909,1.5,True,1.167,29.4,moderate expansion,"Directional corridor scenario based on source labor supply, skills, destination demand, policy, diaspora networks, climate pressure and settlement retention; not an official bilateral flow forecast."
OMN,Oman,Bangladeshi,BGD,6.0,5.93,-0.07,316893,464401,5.81,6.09,5.81,6.09,0.28,0.735,0.68,0.84,0.568,1.054,1.0,0.48,0.908,1.5,True,1.166,46.5,moderate expansion,"Directional corridor scenario based on source labor supply, skills, destination demand, policy, diaspora networks, climate pressure and settlement retention; not an official bilateral flow forecast."
GBR,UK,Chinese,CHN,0.8,0.77,-0.03,553105,582260,0.75,0.79,0.75,0.79,0.04,0.52,0.58,0.45,0.655,0.891,1.0,0.84,0.857,1.652,True,1.148,5.3,established/gradual,"Directional corridor scenario based on source labor supply, skills, destination demand, policy, diaspora networks, climate pressure and settlement retention; not an official bilateral flow forecast."
OMN,Oman,Egyptian,EGY,3.0,3.33,0.33,158446,260842,3.26,3.42,3.26,3.42,0.17,0.7,0.72,0.66,0.568,0.986,1.0,0.48,0.869,1.5,True,1.139,64.6,established/gradual,"Directional corridor scenario based on source labor supply, skills, destination demand, policy, diaspora networks, climate pressure and settlement retention; not an official bilateral flow forecast."
SWE,Sweden,Afghan,AFG,0.5,1.05,0.55,53035,118256,0.91,1.22,0.91,1.22,0.3,0.667,0.42,0.86,0.617,0.869,1.0,0.78,0.9,1.652,True,1.099,123.0,established/gradual,"Directional corridor scenario based on source labor supply, skills, destination demand, policy, diaspora networks, climate pressure and settlement retention; not an official bilateral flow forecast."
SWE,Sweden,Chinese,CHN,0.4,0.38,-0.02,42428,43218,0.38,0.39,0.38,0.39,0.02,0.52,0.58,0.45,0.617,0.86,1.0,0.78,0.82,1.652,True,1.099,1.9,established/gradual,"Directional corridor scenario based on source labor supply, skills, destination demand, policy, diaspora networks, climate pressure and settlement retention; not an official bilateral flow forecast."
DNK,Denmark,Afghan,AFG,0.4,0.44,0.04,23910,26702,0.42,0.45,0.42,0.45,0.03,0.667,0.42,0.86,0.617,0.86,1.0,0.78,0.897,1.652,True,1.095,11.7,established/gradual,"Directional corridor scenario based on source labor supply, skills, destination demand, policy, diaspora networks, climate pressure and settlement retention; not an official bilateral flow forecast."
SAU,Saudi Arabia,Syrian,SYR,1.2,1.24,0.04,407553,590610,1.21,1.27,1.21,1.27,0.06,0.672,0.6,0.74,0.599,0.915,1.0,0.44,0.842,1.5,True,1.036,44.9,established/gradual,"Directional corridor scenario based on source labor supply, skills, destination demand, policy, diaspora networks, climate pressure and settlement retention; not an official bilateral flow forecast."
BRA,Brazil,Asian (Japanese/Chinese descent),CHN,1.1,1.18,0.08,2331984,2568704,1.14,1.23,1.14,1.23,0.09,0.52,0.58,0.45,0.527,0.909,1.0,0.78,0.794,1.585,True,1.021,10.2,established/gradual,"Directional corridor scenario based on source labor supply, skills, destination demand, policy, diaspora networks, climate pressure and settlement retention; not an official bilateral flow forecast."
KHM,Cambodia,Vietnamese,VNM,4.7,5.15,0.45,829024,1129099,4.99,5.34,4.99,5.34,0.34,0.71,0.84,0.68,0.454,1.029,1.0,0.78,0.875,1.25,True,1.015,36.2,established/gradual,"Directional corridor scenario based on source labor supply, skills, destination demand, policy, diaspora networks, climate pressure and settlement retention; not an official bilateral flow forecast."
FRA,France,Chinese,CHN,0.4,0.37,-0.03,266194,254304,0.37,0.38,0.37,0.38,0.01,0.52,0.58,0.45,0.596,0.86,1.0,0.8,0.814,1.518,True,1.002,-4.5,established/gradual,"Directional corridor scenario based on source labor supply, skills, destination demand, policy, diaspora networks, climate pressure and settlement retention; not an official bilateral flow forecast."
MMR,Myanmar,Indian,IND;PAK;BGD;LKA;NPL,2.0,2.2,0.2,1090002,1288097,2.13,2.28,2.13,2.28,0.15,0.718,0.752,0.684,0.454,0.952,1.0,0.78,0.854,1.25,True,0.948,18.2,established/gradual,"Directional corridor scenario based on source labor supply, skills, destination demand, policy, diaspora networks, climate pressure and settlement retention; not an official bilateral flow forecast."
MDG,Madagascar,Other (French/Chinese/Indian),IND;PAK;BGD;LKA;NPL,1.0,1.08,0.08,319650,573529,1.05,1.12,1.05,1.12,0.07,0.718,0.752,0.684,0.454,0.903,1.0,0.78,0.838,1.25,True,0.931,79.4,established/gradual,"Directional corridor scenario based on source labor supply, skills, destination demand, policy, diaspora networks, climate pressure and settlement retention; not an official bilateral flow forecast."
PAN,Panama,Venezuelan migrant,VEN,0.8,0.86,0.06,36125,48306,0.83,0.89,0.83,0.89,0.05,0.636,0.78,0.64,0.454,0.891,1.0,0.78,0.802,1.25,True,0.903,33.7,established/gradual,"Directional corridor scenario based on source labor supply, skills, destination demand, policy, diaspora networks, climate pressure and settlement retention; not an official bilateral flow forecast."
VEN,Venezuela,Colombian migrant,COL,0.8,0.99,0.19,227244,306525,0.95,1.02,0.95,1.02,0.07,0.632,0.78,0.6,0.454,0.891,1.0,0.78,0.8,1.25,True,0.901,34.9,established/gradual,"Directional corridor scenario based on source labor supply, skills, destination demand, policy, diaspora networks, climate pressure and settlement retention; not an official bilateral flow forecast."
DJI,Djibouti,Other (French/Ethiopian),ETH,3.0,2.76,-0.24,35062,42308,2.69,2.86,2.69,2.86,0.17,0.71,0.52,0.76,0.454,0.986,1.0,0.78,0.861,1.25,True,0.844,20.7,established/gradual,"Directional corridor scenario based on source labor supply, skills, destination demand, policy, diaspora networks, climate pressure and settlement retention; not an official bilateral flow forecast."
LBN,Lebanon,Syrian refugee,SYR,0.6,0.76,0.16,34836,53389,0.74,0.79,0.74,0.79,0.06,0.672,0.6,0.74,0.454,0.876,1.0,0.78,0.812,1.25,True,0.832,53.3,established/gradual,"Directional corridor scenario based on source labor supply, skills, destination demand, policy, diaspora networks, climate pressure and settlement retention; not an official bilateral flow forecast."
EGY,Egypt,Syrian migrant,SYR,0.5,0.61,0.11,582691,991779,0.59,0.64,0.59,0.64,0.04,0.672,0.6,0.74,0.454,0.869,1.0,0.78,0.809,1.25,True,0.829,70.2,established/gradual,"Directional corridor scenario based on source labor supply, skills, destination demand, policy, diaspora networks, climate pressure and settlement retention; not an official bilateral flow forecast."
YEM,Yemen,Ethiopian/Eritrean migrant,ETH,1.5,1.39,-0.11,608748,985674,1.35,1.44,1.35,1.44,0.08,0.71,0.52,0.76,0.454,0.93,1.0,0.78,0.843,1.25,True,0.826,61.9,established/gradual,"Directional corridor scenario based on source labor supply, skills, destination demand, policy, diaspora networks, climate pressure and settlement retention; not an official bilateral flow forecast."
SOM,Somalia,Ethiopian migrant,ETH,1.0,0.96,-0.04,190092,356883,0.93,0.99,0.93,0.99,0.06,0.71,0.52,0.76,0.454,0.903,1.0,0.78,0.835,1.25,True,0.818,87.7,established/gradual,"Directional corridor scenario based on source labor supply, skills, destination demand, policy, diaspora networks, climate pressure and settlement retention; not an official bilateral flow forecast."
NRU,Nauru,Chinese / Asian,CHN,4.0,4.1,0.1,479,646,3.99,4.23,3.99,4.23,0.24,0.52,0.58,0.45,0.454,1.013,1.0,0.78,0.784,1.25,True,0.795,34.9,established/gradual,"Directional corridor scenario based on source labor supply, skills, destination demand, policy, diaspora networks, climate pressure and settlement retention; not an official bilateral flow forecast."
MMR,Myanmar,Chinese,CHN,3.0,3.06,0.06,1635003,1793637,2.98,3.15,2.98,3.15,0.17,0.52,0.58,0.45,0.454,0.986,1.0,0.78,0.778,1.25,True,0.789,9.7,established/gradual,"Directional corridor scenario based on source labor supply, skills, destination demand, policy, diaspora networks, climate pressure and settlement retention; not an official bilateral flow forecast."
DOM,Dominican Rep.,Haitian migrant,HTI,0.8,0.91,0.11,91420,118312,0.88,0.94,0.88,0.94,0.06,0.658,0.48,0.86,0.454,0.891,1.0,0.78,0.81,1.25,True,0.776,29.4,established/gradual,"Directional corridor scenario based on source labor supply, skills, destination demand, policy, diaspora networks, climate pressure and settlement retention; not an official bilateral flow forecast."
TLS,Timor-Leste,Chinese,CHN,1.0,1.03,0.03,14006,19430,1.0,1.06,1.0,1.06,0.06,0.52,0.58,0.45,0.454,0.903,1.0,0.78,0.759,1.25,True,0.769,38.7,established/gradual,"Directional corridor scenario based on source labor supply, skills, destination demand, policy, diaspora networks, climate pressure and settlement retention; not an official bilateral flow forecast."
KHM,Cambodia,Chinese (Khmer-Chen),CHN,0.5,0.5,0.0,88194,110747,0.49,0.52,0.49,0.52,0.03,0.52,0.58,0.45,0.454,0.869,1.0,0.78,0.751,1.25,True,0.761,25.6,established/gradual,"Directional corridor scenario based on source labor supply, skills, destination demand, policy, diaspora networks, climate pressure and settlement retention; not an official bilateral flow forecast."
BOL,Bolivia,Asian (Japanese/Chinese),CHN,0.3,0.3,-0.0,37240,47722,0.29,0.31,0.29,0.31,0.02,0.52,0.58,0.45,0.454,0.851,1.0,0.78,0.747,1.25,True,0.757,28.1,established/gradual,"Directional corridor scenario based on source labor supply, skills, destination demand, policy, diaspora networks, climate pressure and settlement retention; not an official bilateral flow forecast."
PNG,Papua New Guinea,Chinese,CHN,0.2,0.21,0.01,21153,30639,0.2,0.21,0.2,0.21,0.01,0.52,0.58,0.45,0.454,0.842,1.0,0.78,0.745,1.25,True,0.755,44.8,established/gradual,"Directional corridor scenario based on source labor supply, skills, destination demand, policy, diaspora networks, climate pressure and settlement retention; not an official bilateral flow forecast."
