ISO3,Country_Source,Muslim_Population_Source,Muslim_Population_2025_Est,Muslim_Pct_Source,Muslim_Pct_2025,Pct_Parse_Note,Population_Source,Source_Refs
AFG,Afghanistan,"37,098,000",37098000,99.9,99.9,exact,"37,135,000",[43]
AGO,Angola,"90,000",90000,0.3,0.3,exact,"30,355,880",[49][50]
ALB,Albania,"1,217,362",1217362,50.7,50.7,exact,"2,402,113",[44]
AND,Andorra,"2,228",2228,2.6,2.6,exact,"85,708",[47][48]
ARE,United Arab Emirates,"6,251,627",6251627,72.0,72.0,exact,"9,541,615",[307][308]
ARG,Argentina,"400,000",400000,0.9,0.9,exact,"44,694,198",[53][50]
ARM,Armenia,500,500,0.02,0.02,exact,"3,038,217",[54]
ATG,Antigua and Barbuda,208,208,0.25,0.25,exact,"84,816",[52]
AUS,Australia,"813,392",813392,3.2,3.2,exact,"25,700,000",[57]
AUT,Austria,"745,600",745600,8.3,8.3,exact,"8,935,800",[58]
AZE,Azerbaijan,"10,073,758",10073758,97.3,97.3,exact,"10,353,296",[59]
BDI,Burundi,"1,184,452",1184452,10.0,10.0,exact,"11,844,520",[88][89]
BEL,Belgium,"879,377",879377,7.6,7.6,exact,"11,570,762",[68][69]
BEN,Benin,"3,141,319",3141319,27.7,27.7,exact,"11,340,504",[72]
BFA,Burkina Faso,"13,513,840",13513840,63.8,63.8,exact,"21,382,659",[87]
BGD,Bangladesh,"150,800,000",150800000,91.0,91.0,exact,"165,200,000",[62][63]
BGR,Bulgaria,"861,015",861015,13.4,13.4,exact,"7,057,504",[85][86]
BHR,Bahrain,"1,111,533",1111533,74.0,74.0,exact,"1,501,635",[61]
BHS,Bahamas,"< 1,000",1000,0.1,0.1,exact,"332,634",[60]
BIH,Bosnia and Herzegovina,"1,955,084",1955084,50.7,50.7,exact,"3,849,891",[78]
BLR,Belarus,"8,445",8445,0.08,0.08,exact,"9,527,543",[65][66][67]
BLZ,Belize,484,484,0.1,0.1,exact,"397,483",[70][71]
BOL,Bolivia,"2,000",2000,< 0.1,0.1,less_than_as_value,"11,306,341",[76][77]
BRA,Brazil,"35,167 – 1,500,000",767584,0.02 – 0.7,0.36,range_midpoint,"210,000,000",[81][82]
BRB,Barbados,"4,396",4396,1.5,1.5,exact,"293,131",[64]
BRN,Brunei,"379,894",379894,82.1,82.1,exact,"462,721",[84]
BTN,Bhutan,0,0,0,0.0,exact,"766,397",[74][75]
BWA,Botswana,"8,996",8996,0.4,0.4,exact,"2,249,104",[79][80]
CAF,Central African Republic,"861,759",861759,15.0,15.0,exact,"5,745,062",[97]
CAN,Canada,"1,775,715",1775715,4.9,4.9,exact,"36,328,480",[93]
CHE,Switzerland,"440,000",440000,5.9,5.9,exact,"8,492,956",[282]
CHL,Chile,"4,000",4000,< 0.1,0.1,less_than_as_value,"17,925,262",[99][100]
CHN,China,"6,255,000 – 50,000,000",28127500,0.45 – 3.0,1.725,range_midpoint,"1,390,000,000",[101][102][103][104][105]
CIV,Ivory Coast,"11,265,789",11265789,42.9,42.9,exact,"26,260,582",[114]
CMR,Cameroon,"9,482,273",9482273,30.6,30.6,exact,"30,987,821",[91][92]
COD,DR Congo,"1,865,822",1865822,1.5,1.5,exact,"124,388,160",[110][111]
COG,Congo,"107,997",107997,2.0,2.0,exact,"5,399,895",[257]
COL,Colombia,"96,337",96337,0.2,0.2,exact,"48,168,996",[107][108]
COM,Comoros,"807,204",807204,98.3,98.3,exact,"821,164",[109]
CPV,Cape Verde,"11,367",11367,2.0,2.0,exact,"568,373",[94][95]
CRI,Costa Rica,1500,1500,< 0.1,0.1,less_than_as_value,"4,987,142",[113]
CUB,Cuba,"11,116",11116,0.1,0.1,exact,"11,116,396",[116]
CYP,Cyprus,"275,000",275000,25.3,25.3,exact,"1,100,000",[117]
CZE,Czech Republic,"10,000 – 20,000",15000,0.1 – 0.2,0.15000000000000002,range_midpoint,"10,686,269",[118][69]
DEU,Germany,"5,600,000",5600000,6.7,6.7,exact,"83,100,000",[42][149][150]
DJI,Djibouti,"998,273",998273,99.4,99.4,exact,"1,003,800",[120]
DMA,Dominica,"< 1,000",1000,0.2,0.2,exact,"74,027",[121]
DNK,Denmark,"313,713",313713,5.4,5.4,exact,"5,809,502",[119][69]
DOM,Dominican Republic,"2,000",2000,< 0.1,0.1,less_than_as_value,"10,298,756",[122][123]
DZA,Algeria,"46,500,000",46500000,99.0,99.0,exact,"47,000,000",[45]
ECU,Ecuador,"< 1,000",1000,< 0.1,0.1,less_than_as_value,"16,498,502",[124][125]
EGY,Egypt,"85,000,000 – 90,000,000",87500000,90.0 – 94.7,92.35,range_midpoint,"95,000,000",[126]
ERI,Eritrea,"2,160,000 – 3,100,000",2630000,51.6,51.6,exact,"6,000,000",[132]
ESP,Spain,"2,484,356",2484356,5.0,5.0,exact,"49,687,120",[278]
EST,Estonia,"1,508",1508,< 0.1,0.1,less_than_as_value,"1,244,288",[133]
ETH,Ethiopia,"34,702,632",34702632,31.3,31.3,exact,"110,871,031",[135]
FIN,Finland,"140,000",140000,2.5,2.5,exact,"5,608,000",[141][142]
FJI,Fiji,"58,355",58355,6.3,6.3,exact,"926,276",[140]
FRA,France,"6,939,136",6939136,10.38,10.38,exact,"66,792,845",[69][143]
FSM,Federated States of Micronesia,"< 1,000",1000,< 0.1,0.1,less_than_as_value,"103,643",[139]
GAB,Gabon,"211,903",211903,10.0,10.0,exact,"2,119,036",[145][146]
GBR,United Kingdom,"3,998,875",3998875,6.0,6.0,exact,"66,040,229",[69][309]
GEO,Georgia,"398,677",398677,10.7,10.7,exact,"3,713,804",[148]
GHA,Ghana,"6,442,205",6442205,19.9,19.9,exact,"32,372,889",[151][95][152]
GIN,Guinea,"10,563,171",10563171,89.1,89.1,exact,"11,855,411",[161]
GMB,Gambia,"2,283,080",2283080,96.4,96.4,exact,"2,413,403",[147]
GNB,Guinea-Bissau,"911,023",911023,46.1,46.1,exact,"1,976,187",[162]
GNQ,Equatorial Guinea,"71,833",71833,4.0,4.0,exact,"1,795,834",[130][131]
GRC,Greece,"313,406",313406,3.7,3.7,exact,"10,761,523",[155][69]
GRD,Grenada,"< 1,000",1000,0.3,0.3,exact,"112,207",[157]
GTM,Guatemala,"1,200",1200,< 0.1,0.1,less_than_as_value,"16,581,273",[159][160]
GUY,Guyana,"55,000",55000,7.3,7.3,exact,"740,685",[163]
HKG,Hong Kong,"295,746",295746,4.1,4.1,exact,"7,213,338",[167][168]
HND,Honduras,"30,000",30000,0.3,0.3,exact,"9,182,766",[166]
HRV,Croatia,"50,981",50981,1.3,1.3,exact,"3,871,833",[115]
HTI,Haiti,"5,000",5000,< 0.1,0.1,less_than_as_value,"10,788,440",[164][165]
HUN,Hungary,"40,000 – 60,000",50000,0.4 – 0.6,0.5,range_midpoint,"9,825,704",[69][169][170]
IDN,Indonesia,"249,800,000",249800000,87.1,87.1,exact,"286,700,000",[174]
IND,India,"200,000,000",200000000,14.6,14.6,exact,"1,370,000,000",[173]
IRL,Ireland,"70,952",70952,1.4,1.4,exact,"5,068,050",[177][69]
IRN,Iran,"85,700,000",85700000,99.8,99.8,exact,"85,961,000",[175]
IRQ,Iraq,"38,439,566 – 39,653,447",39046506,95.0 – 98.0,96.5,range_midpoint,"40,462,701",[176]
ISL,Iceland,"< 1,000",1000,0.2,0.2,exact,"343,518",[171][172]
ISR,Israel,"1,516,482",1516482,18.0,18.0,exact,"8,424,904",[179][180]
ITA,Italy,"2,987,840",2987840,4.8,4.8,exact,"62,246,674",[181][69]
JAM,Jamaica,"5,624",5624,0.2,0.2,exact,"2,812,090",[182][183]
JOR,Jordan,"10,165,577",10165577,97.2,97.2,exact,"10,458,413",[186]
JPN,Japan,"185,000",185000,0.1,0.1,exact,"126,000,000",[184][185]
KAZ,Kazakhstan,"13,158,672",13158672,70.2,70.2,exact,"18,744,548",[187]
KEN,Kenya,"5,500,000",5500000,11.2,11.2,exact,"48,397,527",[188]
KGZ,Kyrgyzstan,"5,200,000 – 5,850,000",5525000,90.0,90.0,exact,"6,500,000",[192]
KHM,Cambodia,"311,044",311044,2.0,2.0,exact,"15,552,211",[90]
KIR,Kiribati,"< 1,000",1000,< 0.1,0.1,less_than_as_value,"109,367",[189]
KNA,Saint Kitts and Nevis,"< 1,000",1000,0.3,0.3,exact,"46,204",[citation needed]
KOR,South Korea,"75,000",75000,0.1,0.1,exact,"51,635,256",[50]
KWT,Kuwait,"2,175,684",2175684,74.6,74.6,exact,"2,916,467",[191]
LAO,Laos,"1,000",1000,< 0.1,0.1,less_than_as_value,"7,234,171",[193][194]
LBN,Lebanon,"3,567,211",3567211,67.8,67.8,exact,"5,261,372",[197]
LBR,Liberia,"961,953",961953,20.0,20.0,exact,"4,809,768",[199][200]
LBY,Libya,"6,551,871",6551871,97.0,97.0,exact,"6,754,507",[201][202]
LCA,Saint Lucia,292,292,0.2,0.2,exact,"171,834",[264]
LIE,Liechtenstein,"2,050",2050,5.4,5.4,exact,"38,000",[203]
LKA,Sri Lanka,"2,105,000",2105000,9.7,9.7,exact,"21,700,000",[279]
LSO,Lesotho,"3,000",3000,0.1,0.1,exact,"1,962,461",[198]
LTU,Lithuania,"3,000",3000,0.1,0.1,exact,"2,793,284",[204][205]
LUX,Luxembourg,"15,000",15000,2.3,2.3,exact,"640,000",[206][207]
LVA,Latvia,"2,000",2000,0.1 – 0.2,0.15000000000000002,range_midpoint,"1,923,559",[195][196]
MAR,Morocco,"36,370,847",36370847,99.0,99.0,exact,"36,738,229",[235]
MDA,Moldova,"15,000",15000,0.4,0.4,exact,"3,437,720",[227][228]
MDG,Madagascar,"2,568,361",2568361,10.0,10.0,exact,"25,683,610",[210][211]
MDV,Maldives,"374,775",374775,100.0,100.0,exact,"374,775",[216]
MEX,Mexico,"5,500",5500,0.01,0.01,exact,"127,000,000",[225][226]
MHL,Marshall Islands,"< 1,000",1000,< 0.1,0.1,less_than_as_value,"75,684",[220]
MKD,North Macedonia,"590,878",590878,32.2,32.2,exact,"1,836,713",[244]
MLI,Mali,"20,541,904",20541904,96.2,96.2,exact,"21,347,587",[217]
MLT,Malta,"11,675",11675,2.6,2.6,exact,"449,043",[218][219]
MMR,Myanmar,"2,391,767",2391767,4.3,4.3,exact,"55,622,506",[238]
MNE,Montenegro,"122,849",122849,19.1,19.1,exact,"614,249",[233]
MNG,Mongolia,"150,000",150000,5.0,5.0,exact,"3,103,428",[231][232]
MOZ,Mozambique,"5,837,839",5837839,18.9,18.9,exact,"30,888,034",[236][237]
MRT,Mauritania,"4,157,425",4157425,99.9,99.9,exact,"4,161,925",[221][222]
MUS,Mauritius,"236,020",236020,17.3,17.3,exact,"1,364,283",[223]
MWI,Malawi,"3,968,512",3968512,20.0,20.0,exact,"19,842,560",[212][213]
MYS,Malaysia,"20,063,500",20063500,63.5,63.5,exact,"32,730,000",[214][215]
NAM,Namibia,"9,654",9654,0.4,0.4,exact,"2,413,643",[citation needed]
NER,Niger,"21,101,926",21101926,98.3,98.3,exact,"21,466,863",[242]
NGA,Nigeria,"95,000,000 – 97,000,000",96000000,47.0 – 49.0,48.0,range_midpoint,"200,000,000",[42][243]
NIC,Nicaragua,"1,000",1000,< 0.1,0.1,less_than_as_value,"6,284,757",[citation needed]
NLD,Netherlands,"387,000",387000,5.0,5.0,exact,"17,400,000",[240]
NOR,Norway,"175,507",175507,3.2,3.2,exact,"5,328,212",[245]
NPL,Nepal,"1,292,909",1292909,4.2,4.2,exact,"29,218,867",[239]
NRU,Nauru,"< 1,000",1000,< 0.1,0.1,less_than_as_value,"10,084",[citation needed]
NZL,New Zealand,"75,144",75144,1.5,1.5,exact,"4,993,923",[241]
OMN,Oman,"2,427,000",2427000,86.0,86.0,exact,"4,633,752",[246]
PAK,Pakistan,"233,000,000",233000000,96.5,96.5,exact,"241,500,000",[247][248]
PAN,Panama,"25,000",25000,0.7,0.7,exact,"4,158,783",[citation needed]
PER,Peru,"< 1,000",1000,< 0.1,0.1,less_than_as_value,"31,237,385",[citation needed]
PHL,Philippines,"5,450,000",5450000,5.0,5.0,exact,"109,000,000",[252][253]
PLW,Palau,500,500,3.8,3.8,exact,"17,900",[249][250]
PNG,Papua New Guinea,"2,000",2000,< 0.1,0.1,less_than_as_value,"8,558,800",[citation needed]
POL,Poland,"6,796",6796,0.02,0.02,exact,"38,430,000",[254]
PRT,Portugal,"36,480",36480,0.4,0.4,exact,"10,343,066",[255]
PRY,Paraguay,"1,000",1000,< 0.1,0.1,less_than_as_value,"7,052,983",[citation needed]
PSE,Palestine,"4,298,000",4298000,97.5,97.5,exact,"4,780,978",[251]
QAT,Qatar,"1,566,786",1566786,77.5,77.5,exact,"2,450,285",[256]
ROU,Romania,"73,000 – 200,000",136500,0.3 – 1.0,0.65,range_midpoint,"19,524,000",[259]
RUS,Russia,"14,000,000 – 16,000,000",15000000,10.0 – 12.0,11.0,range_midpoint,"144,350,000 – 146,750,000",[260][261]
RWA,Rwanda,"576,054",576054,4.8,4.8,exact,"12,001,136",[262]
SAU,Saudi Arabia,"31,535,000",31535000,96.2,96.2,exact,"34,220,000",[citation needed]
SDN,Sudan,"38,585,777",38585777,96.0,96.0,exact,"40,825,770",[280]
SEN,Senegal,"17,421,191",17421191,97.2,97.2,exact,"17,923,036",[267]
SGP,Singapore,"915,118",915118,15.6,15.6,exact,"5,866,139",[271][272]
SLB,Solomon Islands,"1,100",1100,0.1,0.1,exact,"720,956",[273]
SLE,Sierra Leone,"6,067,706",6067706,78.6,78.6,exact,"7,719,729",[270]
SLV,El Salvador,"18,000",18000,0.28,0.28,exact,"6,187,271",[127][128][129]
SMR,San Marino,"< 1,000",1000,< 0.1,0.1,less_than_as_value,"33,344",[citation needed]
SOM,Somalia,"10,978,000",10978000,99.8,99.8,exact,"11,000,000",[274]
SRB,Serbia,"278,212",278212,4.2,4.2,exact,"6,647,003",[268]
SSD,South Sudan,"2,464,683",2464683,20.0,20.0,exact,"12,323,419",[277]
STP,São Tomé and Príncipe,"5,931",5931,3.0,3.0,exact,"199,910",[266]
SUR,Suriname,"85,800",85800,14.3,14.3,exact,"600,000",[281]
SVK,Slovakia,"10,866",10866,0.1 – 0.2,0.15000000000000002,range_midpoint,"5,443,120",[69]
SVN,Slovenia,"73,568",73568,3.6,3.6,exact,"2,066,880",[69]
SWE,Sweden,"700,000",700000,7.1,7.1,exact,"10,182,291",[42][69]
SWZ,Eswatini,6000,6000,2.0,2.0,exact,"300,000",[134]
SYC,Seychelles,"1,036",1036,1.1,1.1,exact,"94,205",[269]
SYR,Syria,"15,000,000",15000000,87.0,87.0,exact,"18,000,000",[283][284]
TCD,Chad,"10,520,570",10520570,55.1,55.1,exact,"19,093,595",[98][95]
TGO,Togo,"1,593,011",1593011,20.0,20.0,exact,"7,352,000",[295]
THA,Thailand,"3,639,232",3639232,5.4,5.4,exact,"67,726,419",[291][292]
TJK,Tajikistan,"9,253,000",9253000,97.9,97.9,exact,"9,540,000",[287][288][289]
TKM,Turkmenistan,"5,610,000",5610000,93.7,93.7,exact,"6,031,187",[303]
TLS,Timor-Leste,"3,202 – >48,709",25956,<0.5 – 3.6,2.05,range_midpoint,"1,341,737",[293][294]
TON,Tonga,60,60,< 0.1,0.1,less_than_as_value,"100,179",[297]
TTO,Trinidad and Tobago,"65,705",65705,5.0,5.0,exact,"1,322,546",[298]
TUN,Tunisia,"10,190,000",10190000,97.8,97.8,exact,"11,446,300",[299]
TUR,Turkey,"78,000,000 – 84,400,000",81200000,91.0 – 98.0,94.5,range_midpoint,"86,000,000",[300][301][302]
TUV,Tuvalu,"< 1,000",1000,0.1,0.1,exact,"10,640",[citation needed]
TZA,Tanzania,"19,426,814",19426814,35.2,35.2,exact,"54,199,163",[290]
UGA,Uganda,"5,435,234",5435234,14.0,14.0,exact,"38,823,100",[304]
UKR,Ukraine,"390,000 – 410,000",400000,0.9 – 1.2,1.05,range_midpoint,"42,263,873",[305][306]
URY,Uruguay,"700- 1,500",1100,0.1,0.1,exact,"3,505,985",[citation needed][311]
USA,United States,"3,450,000",3450000,1.1,1.1,exact,"327,827,000",[310]
UZB,Uzbekistan,"29,920,000",29920000,88.7,88.7,exact,"34,036,800",[312]
VCT,Saint Vincent and the Grenadines,"2,000",2000,1.7,1.7,exact,"109,557",[citation needed]
VEN,Venezuela,"125,216",125216,0.4,0.4,exact,"31,304,016",[313]
VNM,Vietnam,"70,000",70000,0.07,0.07,exact,"100,000,000",[314]
VUT,Vanuatu,"< 1,000",1000,< 0.1,0.1,less_than_as_value,"304,500",[citation needed]
WSM,Samoa,52,52,0.03,0.03,exact,"205,557",[265]
YEM,Yemen,"26,784,498",26784498,97.2,97.2,exact,"27,036,829",[318]
ZAF,South Africa,"1,050,000",1050000,1.9,1.9,exact,"57,725,600",[275][276]
ZMB,Zambia,"168,877",168877,1.0,1.0,exact,"16,887,720",[95]
ZWE,Zimbabwe,"100,000",100000,0.7,0.7,exact,"14,000,000",[319]
